ad_id,url,posting_date,region,district,price,currency,description,image_url,seller_type,brand,model,body_type,sale_type,year,mileage,transmission,color,engine_volume,fuel_type,condition,drive_type,source
6777414,https://avtoelon.uz/a/show/6777414,19.05.2026,,Ташкент,18000,USD,"Пробег реальный, состояние новое, вмятин нет, ремонт не нужен, ездил работа — дом, прошел ТО, есть навороты",https://kluz-photos-tasinha.kcdn.online/webp/46/46bcaab9-47a3-4c9b-93b8-b9e1158b1794/1-full.webp,,Toyota,Corolla,,sale,2022,50000,,,,,Родная краска,,avtoelon
7204534,https://avtoelon.uz/a/show/7204534,19.05.2026,,Ташкент,5500,USD,"O'zim uchun 0 dan antikorozziynal obrabotka qilib yeg'ilgan, sharovoy, tyaga qilingan Yangi karbyurator qoyilgan 4 balon yengi Perilliy skarpion Magnitofon pioner",https://kluz-photos-tasinha.kcdn.online/webp/57/57561e74-aa20-4618-8665-88117e95e4f3/1-full.webp,,ВАЗ (Lada),Нива,,sale,2002,177000,Механика,,,,Полный окрас,Полный,avtoelon
7260177,https://avtoelon.uz/a/show/7260177,19.05.2026,,Ангрен,4500,USD,"Автомобиль в идеальном состоянии. Аккумулятор, свечи, фильтр, масло всё новое. Планшет, колонки, дефлекторы-новое. Балоны, диски новое Ходовая идеальна Сигнал новый Тех осмотр прошёл на днях В дтп не была Кузов нужно покрасить по кругу, так, как машина стояла во дворе пол года Машина ооочень хорошая Было 2 хозяйки. Обе женщины. Не таксовали. Пробег реальный Машина очень мягкая, коробка не пинается Сиденье не продавленное, чехол надет новый. Навигации, сигнализация имеется Кто купит-не пожалеет.",https://kluz-photos-tasinha.kcdn.online/webp/e9/e9533c94-cd29-4e70-8ab0-f9e582196482/1-full.webp,,Chevrolet,Spark,Хэтчбек,sale,2012,177000,Автомат,Серебристый,1,Газ-бензин,Есть пятно,Передний,avtoelon
7246028,https://avtoelon.uz/a/show/7246028,19.05.2026,,Наманган,11500,USD,"Kraska bor, gaz bor, holati o'rtacha, probeg haqiqiy, uy-ish uchun yurilgan, o'zim haydaganman, bitta egasi bo'lgan",https://kluz-photos-tasinha.kcdn.online/webp/9a/9af30cf4-5682-4057-a304-256c028562e1/1-full.webp,,Chevrolet,Gentra,Седан,sale,2020,79000,Автомат,,1.6,Бензин,Крашеная,Передний,avtoelon
7040517,https://avtoelon.uz/a/show/7040517,19.05.2026,,Ташкент,4500,USD,"Ko'rmasdan turib kelishish yo'q. Real oladiganlar tel qililar iltimos. Mashina holati o'zim haydab yuribman, xodovoy qilingan. Vaqtida moyi almashtirilib qaralib haydalvotgan mashina. Pul topar judayam chidamli tiq etmiy duo qilib haydaysizlar.",https://kluz-photos-tasinha.kcdn.online/webp/22/223fad84-1d4b-4463-a68a-079e88fc1bbb/1-full.webp,,Chevrolet,Lacetti,Седан,sale,2010,435000,Механика,Белый,1.8,Газ-бензин,Крашеная,Передний,avtoelon
7260171,https://avtoelon.uz/a/show/7260171,19.05.2026,,Ташкент,9500,USD,"Продаю свою Chevrolet Gentra 2017 года выпуска. Машина в отличном состоянии, любили и ухаживали, делали всё для себя. Автомобиль из категории «сел и поехал» — абсолютно никаких дополнительных вложений не требует! Основные характеристики: Модель: Chevrolet Gentra (3-я позиция/Elegant) Год выпуска: 2017 Пробег: 96 500 км (родной, не скрученный) Коробка передач: Автомат (АКПП) Цвет: Белый Вид топлива: Только бензин (газ никогда не стоял, мотор работает идеально) Состояние и обслуживание: Ходовая часть: Год назад полностью перебрана, ставил исключительно оригинальные запчасти. Машина едет очень мягко и сбито. Резина: Практически новые всесезонные шины Lassa Multiways 2 (отлично держат дорогу в любую погоду). Краска родная, крашенных мест нет, имеется небольшая вмятина на заднем левом крыле Комфорт: Сделана полная качественная шумоизоляция (в салоне тишина). Дополнительные плюшки и тюнинг: — Оригинальные задние фары Optra — Удобный руль от Malibu — Заводской люк Условия продажи: Цена:$ 9 200 Машина своя, продаю. Только продажа! Варианты аренды, выкупа и обмена (бартера) НЕ рассматриваю. Разумный и небольшой торг возможен, но только строго у капота после осмотра.",https://kluz-photos-tasinha.kcdn.online/webp/16/1606d948-3dbe-4308-a971-9853a0549409/6-full.webp,,Chevrolet,Gentra,Седан,sale,2017,96500,Автомат,Белый,1.5,Бензин,Родная краска,Передний,avtoelon
7268433,https://avtoelon.uz/a/show/7268433,19.05.2026,,Фергана,7817,USD,"Petno bor ozgina 7800da tushib beramiz, gaz bor, holati yangi",https://kluz-photos-tasinha.kcdn.online/webp/19/19aa52c2-e9f0-4572-82cd-54538c0925d8/1-full.webp,,Chevrolet,Gentra,Седан,sale,2018,300000,Механика,,1.8,Бензин,Есть пятно,Передний,avtoelon
7268462,https://avtoelon.uz/a/show/7268462,19.05.2026,,Наманган,12800,USD,"Идеал холатда. Пулт эзигар, янги юмшок балон куйилган., амерканка фара оригинал, оптира фара оригинал, сонса зашитник плёнка, лук, абез, магнитафонлик, эвакор полик бор, метанни бор. Краска унг канот стоп ёнида, багаж унг томон стоп ёнида, хужжатлари жойида узимизни номимизда.",https://kluz-photos-tasinha.kcdn.online/webp/1c/1c5ee6e6-8d21-4bea-b93d-784003713bc2/1-full.webp,,Chevrolet,Gentra,Седан,sale,2023,36450,Автомат,Белый,1.5,Газ-бензин,Крашеная,Передний,avtoelon
7256710,https://avtoelon.uz/a/show/7256710,19.05.2026,,Ташкент,10067,USD,"LADA Granta Sedan — LADA ning o'zbekistondagi rasmiy distribyutoridan afsonaviy Sedan Classic M/T 121 000 000 so'm Ishlab chiqarilgan yili: 2025 (yangi, avtosalon) Kuzov turi: liftbek Dvigatel: 1, 6 l benzin Uzatma qutisi: mexanik Uzatma: Oldi Avtosalonga tashrif buyuring va eng qulay shartlar bilan xarid qiling! Avtosalon manzili: Toshkent, Bektemir tumani, TXAY, ""Yangiobod"" temir yo'l ko'prigi yonida",https://kluz-photos-tasinha.kcdn.online/webp/c6/c66ffcda-7d4d-4a4f-8619-5326fa28b9be/3-full.webp,,ВАЗ (Lada),Granta,Седан,sale,2025,,,Белый,1.6,Бензин,Родная краска,Передний,avtoelon
7268463,https://avtoelon.uz/a/show/7268463,19.05.2026,,Ташкент,2500,USD,"Kraska bor, gaz bor",https://kluz-photos-tasinha.kcdn.online/webp/14/141d121e-785a-4167-a10b-696c5b6a8f5c/1-full.webp,,ГАЗ,31105 (Волга),Седан,sale,2005,365000,Механика,,,,Крашеная,Задний,avtoelon
7264305,https://avtoelon.uz/a/show/7264305,19.05.2026,,Андижан,12000,USD,Gazi bor prapan 65 tali kapsula Yumshoq balon,https://kluz-photos-tasinha.kcdn.online/webp/f3/f31bf1a9-0062-4b67-9cdd-1ad1946b7be5/1-full.webp,,Chevrolet,Cobalt,Седан,sale,2025,26000,Автомат,Белый,1.5,Бензин,Родная краска,Передний,avtoelon
7264295,https://avtoelon.uz/a/show/7264295,19.05.2026,,Андижан,10400,USD,Gazi bor prapan Yumshoq balon Chixol polik bogan Abs bor,https://kluz-photos-tasinha.kcdn.online/webp/60/60775be3-2c0b-4c5f-969b-6b89a5f60dcc/1-full.webp,,Chevrolet,Cobalt,Седан,sale,2023,62000,Автомат,Белый,1.5,Бензин,Родная краска,Передний,avtoelon
7262123,https://avtoelon.uz/a/show/7262123,19.05.2026,,Наманган,30500,USD,"Kia k5, 2025 год — 19.500 Родной пробег — Один владелец (работа — дом) — Не битая, не крашеная — 7 позиция из 8 — Отличное состояние — Заливал только 95й бензин — Тонировка еще 11 месяцев — Свежая полировка + керамика — 19.500 Probeg — Bir qol xaydalgan (ish-uy) — Kraskasi toza — 7 poziciya — Ideal xolat — 95 benzinda yurga — 11 oy tonirovka ruxsati bor",https://kluz-photos-tasinha.kcdn.online/webp/b2/b2ab23a1-16a1-45f2-a160-7438d5527524/1-full.webp,,Kia,K5,Седан,sale,2025,19500,Автомат,Черный,2,Бензин,Родная краска,,avtoelon
7268561,https://avtoelon.uz/a/show/7268561,19.05.2026,,Самарканд,19800,USD,"Kraskasi yo'q, probeg haqiqiy, holati yangi, urilgan joyi yo'q, remont kerak emas, o'zim haydaganman",https://kluz-photos-tasinha.kcdn.online/webp/47/47a11924-5482-43c3-8e10-44e122c88946/1-full.webp,,Volkswagen,ID.4,,sale,2021,50000,,,,,Родная краска,,avtoelon
7267356,https://avtoelon.uz/a/show/7267356,19.05.2026,,Ташкент,12480,USD,"Taksi qilinmagan, oʻng orqa eshikda ozroq qirilgan joyi bor, 100 talik metan bor, bitta egasi bo'lgan",https://kluz-photos-tasinha.kcdn.online/webp/5d/5d994251-7707-44e0-8b10-f2e0ac938ca4/1-full.webp,,Chevrolet,Lacetti,Седан,sale,2021,187000,Механика,,1.8,Бензин,Родная краска,Передний,avtoelon
7237963,https://avtoelon.uz/a/show/7237963,19.05.2026,,Фергана,6500,USD,"Мошина холати зур 4 та юмшок балон, диска янги куйилган. Хадовойлари, электир жихозларни Тожикистонга олиб бориб ремонт килдирганман. Мошина жуда юмшок. Узим минаман деб ремонт килдирганман. Мошинани камчилиги йук. Краскаси 1 та эшигида бор, яна куриб оласиз. Пропан урнатилган техпаспортида хам ёзилган.",https://kluz-photos-tasinha.kcdn.online/webp/2e/2ea61947-31c3-4707-b2ff-cf00d4c349db/1-full.webp,,Mercedes-Benz,C 200,,sale,2000,327000,Механика,Серебристый,,,Крашеная,Задний,avtoelon
7131971,https://avtoelon.uz/a/show/7131971,19.05.2026,,Карши,7738,USD,Daewoo Gentra.2016/2017. Evro1Позиция. Механика. Бензин. Пробег 80 000 км. Халол. Ранги ок.,https://kluz-photos-tasinha.kcdn.online/webp/11/11db8ae3-20da-4c12-a316-f7b892d54670/1-full.webp,,Chevrolet,Gentra,Седан,sale,2017,81000,Механика,,1.5,Бензин,Есть пятно,Передний,avtoelon
7209974,https://avtoelon.uz/a/show/7209974,19.05.2026,,Ташкент,9400,USD,"Chexol, polik, yangi balon. Holati yaxshi.",https://kluz-photos-tasinha.kcdn.online/webp/73/732caa45-7ecb-453e-babe-b0f1c4f2e15e/1-full.webp,,Chevrolet,Cobalt,Седан,sale,2020,92000,Автомат,,1.5,Бензин,Крашеная,Передний,avtoelon
7260240,https://avtoelon.uz/a/show/7260240,19.05.2026,,Куйичирчикский район,1400,USD,Салдатский дустобод манзил Тел юриб турган мошина 5 чи узатмага тушмай колди,https://kluz-photos-tasinha.kcdn.online/webp/01/01e50ea0-d389-49fa-afdc-a1777d38785c/1-full.webp,,Daewoo,Matiz Best,Хэтчбек,sale,2006,170000,,,,,Есть пятно,Передний,avtoelon
7225048,https://avtoelon.uz/a/show/7225048,19.05.2026,,Самарканд,11500,USD,"Metan 4, 909 mejikar, videoregistrator, uy-ish uchun yurilgan",https://kluz-photos-tasinha.kcdn.online/webp/7a/7a345785-cdaa-4cfa-a845-95ff2ecccacc/1-full.webp,,Chevrolet,Gentra,Седан,sale,2022,82000,Автомат,,1.6,Бензин,Есть пятно,Передний,avtoelon
7113349,https://avtoelon.uz/a/show/7113349,19.05.2026,,Шахрисабз,1747,USD,"Gaz bor, o'zgina chizilgan joylari bor, urilgan joyi yo'q, remont kerak emas, uy-ish uchun yurilgan, probeg haqiqiy",https://kluz-photos-tasinha.kcdn.online/webp/a6/a6392a9d-0fe4-44fb-8f6c-4994a143c9a4/1-full.webp,,ГАЗ,3110 (Волга),Седан,sale,2000,118000,Механика,,,,Крашеная,Задний,avtoelon
7219245,https://avtoelon.uz/a/show/7219245,19.05.2026,,Фергана,165000,USD,2026Yil polni biron qlingan moshina Elktroni parog qoylgan Full moshina 4ta pnmeali. Bundan fuli yuq Telfonmga tushalmasez tekegramdan yozin,https://kluz-photos-tasinha.kcdn.online/webp/9c/9caa3d4d-3124-436c-a375-acf0eeb24237/2-full.webp,,BMW,X7,,sale,2026,2380,,Черный,,,Родная краска,Полный,avtoelon
7189816,https://avtoelon.uz/a/show/7189816,19.05.2026,,Ташкент,13000,USD,"Kraskasi yo'q, gaz bor propan, probeg haqiqiy",https://kluz-photos-tasinha.kcdn.online/webp/bb/bbc3d89f-0bf3-47f5-819a-0b6db4847704/4-full.webp,,Chevrolet,Gentra,Седан,sale,2023,9800,Автомат,Черный,1.5,Газ-бензин,Родная краска,Передний,avtoelon
7260234,https://avtoelon.uz/a/show/7260234,19.05.2026,,Джаркурганский район,3411,USD,Факат узим минганман холати яхши уйда Турган мошин узимам сотиб олганман 3йл олдин уйда ётибди минмайман расиядаман,https://kluz-photos-tasinha.kcdn.online/webp/0a/0a8dc53e-5b1a-4b20-a834-c0855d62381a/1-full.webp,,Chevrolet,Damas,Седан,sale,2010,200000,,,,,Есть пятно,Задний,avtoelon
7257599,https://avtoelon.uz/a/show/7257599,19.05.2026,,Гулистан,2112,USD,"Remont bo'lgan, uy-ish uchun yurilgan, chizilgan joyi bor, gaz bor, holati o'rtacha, o'zim haydaganman, navorot qilinmagan",https://kluz-photos-tasinha.kcdn.online/webp/92/9276813b-a052-4971-a97d-6baac911a74c/1-full.webp,,Daewoo,Nexia,Седан,sale,2005,4000,,,,,Крашеная,Передний,avtoelon
7260217,https://avtoelon.uz/a/show/7260217,19.05.2026,,Ташкент,11800,USD,"Gentra 2022 йил сотилади • 93 000 км юрган • Краска, пятно тегмаган — тоза мошина • Салон ламинация қилинган • Капот бронь плёнка • Олд ойнага қуёшдан ҳимоя солнцезащитный плёнка • Тонировка Armolan оригинал • Американка оптра • Салон освещения • 908 Magicar пульт • Lenovo видеорегистратор • Италян запчастли газ ускунаси — 90 талик, 200 км юради • Люк бор • Ён ойналari автоматик ёпилади • Родной магнитола • Янги юмшоқ Gopro баллонлар Мошина айбсиз, минишга тайёр. Реал олувчилар ёзсин.",https://kluz-photos-tasinha.kcdn.online/webp/ce/ceb8ebc3-944b-474d-b1c6-d09dc690b87c/1-full.webp,,Chevrolet,Gentra,Седан,sale,2022,93000,Автомат,,1.6,Бензин,Родная краска,Передний,avtoelon
7179407,https://avtoelon.uz/a/show/7179407,19.05.2026,,Андижан,13150,USD,"Газ, навороты бор, пулт 909, Монитор, малибо руль, малибо бар, танировка, янги балон.",https://kluz-photos-tasinha.kcdn.online/webp/5f/5f4f79ba-cf6d-41bf-8c3f-e3ea31433a87/1-full.webp,,Daewoo,Gentra,Седан,sale,2023,29000,Автомат,Коричневый,1.6,Бензин,Родная краска,Передний,avtoelon
7248946,https://avtoelon.uz/a/show/7248946,19.05.2026,,Сырдарья,16650,USD,"Kraska bor ong tomon kriloda va kapotni ozgina joyida petnochasi bor, mayda chaqa chuqala bor o'zgina chizilgan joylari bor, moshina ozim uchun uy-ish uchun yurilgan ezib haydalmagan telefonda savdo qilaman chatda emas",https://kluz-photos-tasinha.kcdn.online/webp/d5/d57fb9d1-e153-439f-9373-050487feb9c6/1-full.webp,,Chevrolet,Malibu 2,Седан,sale,2020,117000,,,1.5,Газ-бензин,Крашеная,Передний,avtoelon
7268542,https://avtoelon.uz/a/show/7268542,19.05.2026,,Ташкент,21200,USD,Parok qoyilgan xolati zor bank orqali 2000$ min bowiga ketadi,https://kluz-photos-tasinha.kcdn.online/webp/33/332c0166-eddd-492d-a169-b4734a260efd/1-full.webp,,BYD,Song Plus DM-i,,sale,2023,75000,,,,,Родная краска,,avtoelon
7268535,https://avtoelon.uz/a/show/7268535,19.05.2026,,Ташкент,1200,USD,Barcha malumot telefonda.,https://kluz-photos-tasinha.kcdn.online/webp/e3/e337433b-ce45-47d9-9bab-489d8e559b54/1-full.webp,,ВАЗ (Lada),2106,Седан,sale,1989,777777,Механика,,1.6,Бензин,Крашеная,Задний,avtoelon
7250009,https://avtoelon.uz/a/show/7250009,19.05.2026,,Термез,27200,USD,Холати идеал халол пробег бир кул салондан 2 чи позиция 444 млн лик 4 та пачка балон киммат кирилган шилинган ямалган жойи ёк булар нархини куйдим суннатига хайрига утиб бераман.,https://kluz-photos-tasinha.kcdn.online/webp/78/781bc0a4-fc0d-45d2-8f6d-3899aedca665/1-full.webp,,Chevrolet,Equinox,Кроссовер,sale,2023,52600,Автомат,Черный,2,Бензин,Родная краска,Полный,avtoelon
5226918,https://avtoelon.uz/a/show/5226918,19.05.2026,,Ташкент,7488,USD,"Срочно продаётся Ниссан Кашкай 2008 года, в хорошем состоянии. Не битая. Поставлено оборудование на пропан.",https://kluz-photos-tasinha.kcdn.online/webp/c4/c430f24f-feb0-4dc5-9913-223b3584a88c/1-full.webp,,Nissan,Qashqai,Кроссовер,sale,2008,195000,Автомат,Синий,2,Газ-бензин,Родная краска,Полный,avtoelon
7221344,https://avtoelon.uz/a/show/7221344,19.05.2026,,Бухара,12500,USD,Кобальт 2025 радное 16400 пробг,https://kluz-photos-tasinha.kcdn.online/webp/3f/3fe513ea-5cd0-49da-9efc-a7d2a3fd499a/1-full.webp,,Chevrolet,Cobalt,Седан,sale,2025,16400,Автомат,,1.5,Бензин,Родная краска,Передний,avtoelon
7193951,https://avtoelon.uz/a/show/7193951,19.05.2026,,Ташкент,9000,USD,"Пробег реальный, есть газ, состояние среднее, есть легкие вмятины, ездил работа — дом, один владелец",https://kluz-photos-tasinha.kcdn.online/webp/fb/fb9d6ce1-b59d-48da-a1c6-25eddb281d6c/1-full.webp,,ВАЗ (Lada),XRAY,Хэтчбек,sale,2020,137000,Робот,Белый,1.8,Газ-бензин,Есть пятно,Передний,avtoelon
7047538,https://avtoelon.uz/a/show/7047538,19.05.2026,,Андижан,1150,USD,Зур холатта юриб турган мошина. Жигули Тиколарни пулига улардан анча чаккон экономичный. Пропани бор бензиндаям юради. Диска балонлари зур. Асосийси газга рухсати бор. Фарасига Лед чирок куйилган. Кечаси зур ёритади. Ходовойни зур килдирганмиз. Минганга ёкади. Иномаркани яхши курадиган одамга албатта ёкади. Факат накдга сотилади. Доверенность берилади. Нархи 1.450$ сал келиштириб бераман.,https://kluz-photos-tasinha.kcdn.online/webp/68/68876dfd-1114-410a-8fa9-04b96a74b7d7/1-full.webp,,Toyota,Corona Mark II,,sale,1985,246000,,,,,Полный окрас,,avtoelon
7259142,https://avtoelon.uz/a/show/7259142,19.05.2026,,Денау,6200,USD,Chixol polik vidyo rigistatur 4 ta yumshoq balon metan gaz hadavoy qilingan harajati yu biror detali almashmagan 20 foyiz kiraska bor,https://kluz-photos-tasinha.kcdn.online/webp/37/37eb8c4f-1fa3-4b63-9d14-7210a9400da1/1-full.webp,,Chevrolet,Cobalt,Седан,sale,2014,214000,Механика,,1.5,Бензин,Крашеная,Передний,avtoelon
7205003,https://avtoelon.uz/a/show/7205003,19.05.2026,,Ташкент,9300,USD,Arenda faqat Toshkent Yilli 25%,https://kluz-photos-tasinha.kcdn.online/webp/4b/4b4caad8-f9e4-43a3-94b9-a1588f7e5dc5/1-full.webp,,Chevrolet,Nexia 3,Седан,rent_to_own,2022,74000,Автомат,Белый,1.5,Бензин,Родная краска,Передний,avtoelon
7221357,https://avtoelon.uz/a/show/7221357,19.05.2026,,Джизак,2800,USD,"Kraska bor, gaz bor, probeg haqiqiy, holati o'rtacha, urilgan joyi bor, remont bo'lgan",https://kluz-photos-tasinha.kcdn.online/webp/e7/e71d99a0-0a32-4b5a-ae09-3bf03a6b1670/1-full.webp,,Chevrolet,Nexia 2,Седан,sale,2009,400000,Механика,,1.5,Бензин,Крашеная,Передний,avtoelon
7245685,https://avtoelon.uz/a/show/7245685,19.05.2026,,Бухара,4000,USD,"Kraskasi yo'q, gaz bor, probeg haqiqiy, holati yangi, uy-ish uchun yurilgan",https://kluz-photos-tasinha.kcdn.online/webp/fa/fac652cb-b947-4703-974f-990fdc0ecc8e/1-full.webp,,Chevrolet,Matiz,Хэтчбек,sale,2014,51000,Механика,,0.8,Бензин,Родная краска,Передний,avtoelon
7240899,https://avtoelon.uz/a/show/7240899,19.05.2026,,Ташкент,13000,USD,"Onix premier 2 full, kraska toza, propan gazi bor 90 tali",https://kluz-photos-tasinha.kcdn.online/webp/00/00dfe075-28fd-4ec8-b4d7-e44778be1289/1-full.webp,,Chevrolet,Onix,Седан,sale,2023,31500,Автомат,,,,Родная краска,Передний,avtoelon
7198802,https://avtoelon.uz/a/show/7198802,19.05.2026,,Андижан,19600,USD,"BYD YUAN UP FULL + Доп Опция HUD, адаптивный круиз контроль, орка сиденияда подлокотник, 17 дюм диска, слепаю зона, 360 камера, сидения исийди, автоторможения, полоса удержания, панорама том. Хозирги кунда бемалол 350-400 юриб беради. Орка унг тарафдаги эшикда краска бор. Авария болмаган турган темирга туртиб олганман.32500 пробег узимни мошинам. Ками бор",https://kluz-photos-tasinha.kcdn.online/webp/27/2710c732-b508-40a4-b6ff-90320518f203/1-full.webp,,BYD,Yuan UP,,sale,2024,32500,,,,,Есть пятно,,avtoelon
7221690,https://avtoelon.uz/a/show/7221690,19.05.2026,,Ташкент,7800,USD,"Есть незначительные царапины, один владелец, пробег реальный, торг у капота.",https://kluz-photos-tasinha.kcdn.online/webp/47/47e9cd9f-f503-42cf-9704-ffa6af0d258f/1-full.webp,,Chevrolet,Nexia 3,Седан,sale,2017,34000,Механика,Серебристый,,,Родная краска,Передний,avtoelon
7198787,https://avtoelon.uz/a/show/7198787,19.05.2026,,Самарканд,14500,USD,4 та янги арча балон (minerva) • ТОниРовКа (100%) • узб под номер (оригинал) • тепа ва паст лед лампочка • малибу руль оригинал • малибу бар + электронный ручник • Teyess монитор + малибу камера • мотор защитник • задний лампочка лед • чехол (cardinar scorpion),https://kluz-photos-tasinha.kcdn.online/webp/9a/9ab736e0-ccef-468a-906f-a51ea9f8c48a/1-full.webp,,Chevrolet,Gentra,Седан,sale,2024,6300,Автомат,,1.6,Бензин,Крашеная,Передний,avtoelon
7268191,https://avtoelon.uz/a/show/7268191,19.05.2026,,Наманган,7900,USD,"Gaz bor, probeg haqiqiy majigar pult xolati Zo’ r Kraska bta kril uchida yarim qarich",https://kluz-photos-tasinha.kcdn.online/webp/fc/fcfc79d0-8905-40bc-ba3f-1e32c779079c/1-full.webp,,Chevrolet,Nexia 3,Седан,sale,2020,106000,Автомат,,1.5,Газ-бензин,Есть пятно,Передний,avtoelon
7171701,https://avtoelon.uz/a/show/7171701,19.05.2026,,Бухара,6275,USD,"Gazi bor, Propan tabletka, matori moy yemiydi, xadavoylarini yaqinda qildim, rasxod qimiysila. Zarurat tufayli sotyamman, navorot qilinmagan. Qolgan malumotlar tel da.",https://kluz-photos-tasinha.kcdn.online/webp/18/18a72ebe-cbf2-4afc-ae33-b1d4f5746ce9/1-full.webp,,ВАЗ (Lada),Largus,Универсал,sale,2015,322000,,,1.6,Бензин,Есть пятно,Передний,avtoelon
7246066,https://avtoelon.uz/a/show/7246066,19.05.2026,,Кумкурганский район,15000,USD,"Kraskasi yo'q, holati yangi, probeg haqiqiy, o'zim haydaganman",https://kluz-photos-tasinha.kcdn.online/webp/36/36b3627e-ca41-4504-8d47-aa42363d9237/1-full.webp,,Chevrolet,Gentra,Седан,sale,2023,6000,Автомат,,1.6,Бензин,Родная краска,Передний,avtoelon
7266324,https://avtoelon.uz/a/show/7266324,19.05.2026,,Фергана,18100,USD,"Probeg haqiqiy, holati yangi, o'zgina chizilgan joyi bor, uy-ish uchun yurilgan, remont kerak emas, o'zim haydaganman",https://kluz-photos-tasinha.kcdn.online/webp/b8/b8046826-495e-4328-afec-b2a580ff6ab0/1-full.webp,,BYD,Chazor,,sale,2024,50000,,,,,Родная краска,,avtoelon
7128337,https://avtoelon.uz/a/show/7128337,19.05.2026,,Наманган,6750,USD,Holati ideal kraska toza 4 ta balon yumshoq pulti bor,https://kluz-photos-tasinha.kcdn.online/webp/a1/a17f65df-af49-490b-a152-13714866ed4e/1-full.webp,,Chevrolet,Nexia 3,Седан,sale,2019,85000,Механика,,1.5,Бензин,Родная краска,Передний,avtoelon
7103753,https://avtoelon.uz/a/show/7103753,19.05.2026,,Ташкент,6600,USD,"Краска есть, есть газ",https://kluz-photos-tasinha.kcdn.online/webp/b3/b3ecb83d-f73c-47d2-bfea-3994a64b0590/3-full.webp,,Chevrolet,Spark,Хэтчбек,sale,2019,145000,Автомат,,1.3,Газ-бензин,Крашеная,Передний,avtoelon
7240587,https://avtoelon.uz/a/show/7240587,19.05.2026,,Коканд,19500,USD,"Kraskasi yo'q, holati yangi, o'zim haydaganman, navorot qilingan",https://kluz-photos-tasinha.kcdn.online/webp/f8/f891cccf-3d77-475b-9d00-c0a1e7766641/1-full.webp,,GAC,Aion Y Plus,,sale,2025,6600,,,,,Родная краска,,avtoelon
6005905,https://avtoelon.uz/a/show/6005905,19.05.2026,,Янгиарыкский район,2330,USD,"Hadovoylar toza, moshinni holati zo'r. Tashqi tamon to'liq kraskalangan, asvijit qilingan, udar yo'q. Mator remondan chiqqan.1 yildan bona haydalmin duribdi.",https://kluz-photos-tasinha.kcdn.online/webp/a7/a7dc3e79-3a8b-4862-bc5d-d4351ed2904e/1-full.webp,,Chevrolet,Matiz,Хэтчбек,sale,2011,150000,Механика,,0.8,Бензин,Полный окрас,Передний,avtoelon
7268529,https://avtoelon.uz/a/show/7268529,19.05.2026,,Бухара,8000,USD,Аренда с выкупом Предоплата Срок аренды и платёж 5 000 y.e. 15 x 200 в месяц Город Бухара Год 2026 Кузов Пикап Пробег 6 600 км Состояние краски Родная краска Привод Задний,https://kluz-photos-tasinha.kcdn.online/webp/9a/9a6bf51e-7dff-4af8-9e38-10b9938c356f/1-full.webp,,Chevrolet,Labo,Пикап,rent_to_own,2026,6600,,,,,Родная краска,Задний,avtoelon
7262334,https://avtoelon.uz/a/show/7262334,19.05.2026,,Сарыасийский район,31000,USD,Assalomu alekum moshina zur xolada moshinaga 7000$ tiqilgan diska led far sideniya mers pul kerak bulib qolyapti shunga sotmoqchiman reyalni oladiganla aloqaga chiqiyla moshin zavod benzi gaz quyilgan 100 talik piropanda narxini kelishaniz yana faqat relni oladiganga,https://kluz-photos-tasinha.kcdn.online/webp/0f/0f4fa6ad-b418-4c47-99e2-a95fb5fd4956/1-full.webp,,Hyundai,H-1,,sale,2019,89000,,,,,Родная краска,,avtoelon
7114344,https://avtoelon.uz/a/show/7114344,19.05.2026,,Ташкент,7000,USD,"Kraskasi yo'q, probeg haqiqiy, urilgan joyi yo'q, taksi qilinmagan",https://kluz-photos-tasinha.kcdn.online/webp/b8/b806a435-1eb9-40d1-915a-130bf7dd690b/1-full.webp,,Chevrolet,Lacetti,Седан,sale,2011,243000,Автомат,,1.8,Бензин,Родная краска,Передний,avtoelon
7206926,https://avtoelon.uz/a/show/7206926,19.05.2026,,Ташкент,9200,USD,Jentra avtomat 2019. Probeg 120.000 xalol. Lyuk. Polniy shumka. Propan.,https://kluz-photos-tasinha.kcdn.online/webp/ce/ce2f1ebe-4791-4659-95ef-6bacc90f33b7/2-full.webp,,Chevrolet,Gentra,Седан,sale,2019,120000,Автомат,Мокрый асфальт,1.6,Бензин,Родная краска,Передний,avtoelon
7243199,https://avtoelon.uz/a/show/7243199,19.05.2026,,Ташкент,11066,USD,Gaz bor. Probeg haqiqiy. Pultiga Jiperesi bor. Lukligi obagref sideni xamma kereklik narsalari bor. Moy 2 kun boldi almashganiga. Kelib korishga mashina Toshkenda. Propan 47 talik. Va 4 ta engi archa balon qoyilgan.,https://kluz-photos-tasinha.kcdn.online/webp/78/78166058-3314-4141-a17f-3bec4767d5d3/1-full.webp,,Honda,Crider,Седан,sale,2023,32000,,Белый,1,Газ-бензин,Есть пятно,Передний,avtoelon
7251337,https://avtoelon.uz/a/show/7251337,19.05.2026,,Самарканд,7000,USD,Damas pachka holati diska balon yangi chixol polik barlarigavha tayyor kraska tozza100%,https://kluz-photos-tasinha.kcdn.online/webp/f7/f7293e40-e30a-4f96-9443-5cf6848d948a/1-full.webp,,Chevrolet,Damas,Седан,sale,2025,5500,Механика,Белый,0.8,Бензин,Родная краска,Задний,avtoelon
7212650,https://avtoelon.uz/a/show/7212650,19.05.2026,,Ташкент,11000,USD,"Город Ташкент Год 2015 Объем двигателя, л 1.8 (Газ-бензин) Кузов Лимузин Пробег 256 000 км Коробка передач Автомат Состояние краски Крашеная Привод Передний Торг есть Да Снаружи Люк Показать все характеристики",https://kluz-photos-tasinha.kcdn.online/webp/73/731e1fc7-16e9-401f-8ab4-651fc970d490/1-full.webp,,Chevrolet,Orlando,Лимузин,sale,2015,256000,Автомат,,1.8,Газ-бензин,Крашеная,Передний,avtoelon
7153040,https://avtoelon.uz/a/show/7153040,19.05.2026,,Ташкент,10800,USD,"Надёжный и ухоженный Kia Rio корейской сборки — практичный автомобиль для тех, кто ценит спокойную езду, понятную конструкцию и реальный ресурс. Атмосферный двигатель 1.4 MPI без турбины в паре с автоматической коробкой передач считается одной из самых удачных и неприхотливых связок в классе. Машина отлично подходит для города, уверенно держится на трассе и не требует дорогого обслуживания. Основные данные Год выпуска: 2018 Кузов: хэтчбек (YB) Производство: Корея (Made in Korea) Привод: передний Коробка передач: автоматическая Двигатель: бензиновый 1.4 MPI Мощность: 100 л. С. Топливо: АИ-92/АИ-95 Динамика и характер езды Максимальная скорость — около 185 км/ч, разгон до 100 км/ч занимает примерно 11, 5 12 секунд. Автомобиль едет плавно, без рывков, комфортен в плотном городском потоке и при длительных поездках. Расход топлива (АКПП) Город: 7, 2 7, 6 л/100 км Трасса: 5, 0 5, 3 л/100 км Средний расход — около 6, 0 л, что делает эксплуатацию экономичной и предсказуемой. Габариты и практичность Размеры кузова: 4065 1725 1450 мм Колёсная база: 2580 мм Клиренс: 160 мм Багажник: 325 л, до 980 л при сложенных сиденьях Радиус разворота — около 5, 1 м, удобно для парковки и манёвров. Ходовая часть Подвеска: mcpherson спереди и полузависимая балка сзади. Передние тормоза — вентилируемые дисковые, задние — барабанные. Рулевое управление с электроусилителем. Комфорт и безопасность Климат-контроль, кожаный руль с регулировкой по высоте и вылету, подогрев лобового стекла, зеркал и заднего стекла, электрозеркала с подогревом, аудиосистема с USB и радио (6 динамиков), задние сиденья 60/40. Системы безопасности: ABS, ESP, антипробуксовка, помощь при старте в гору, фронтальные и боковые подушки, шторки, Isofix и ремни с преднатяжителями.",https://kluz-photos-tasinha.kcdn.online/webp/43/43c00efd-07a9-4c18-a141-1b21d20961f6/1-full.webp,,Kia,Rio,Хэтчбек,sale,2018,87797,,Мокрый асфальт,1.4,Бензин,Родная краска,Передний,avtoelon
7266294,https://avtoelon.uz/a/show/7266294,19.05.2026,,Бухара,4576,USD,"Kraska bor, gaz bor, holati o'rtacha, ozgina xarajalari bor keraska polni",https://kluz-photos-tasinha.kcdn.online/webp/1c/1ca39205-1df4-44dc-9c30-7cd49c53f4e1/1-full.webp,,Chevrolet,Lacetti,Седан,sale,2009,,Механика,,1.8,Газ,Крашеная,Передний,avtoelon
7259746,https://avtoelon.uz/a/show/7259746,19.05.2026,,Самарканд,12800,USD,Машина в идеальном состоянии краска чистая ест газ пропан очень хорошая машина и экономная Moshina yahshi kraska toza gaz bor propan,https://kluz-photos-tasinha.kcdn.online/webp/07/07c13900-a84b-4ce0-bbcb-99bf039ce278/1-full.webp,,Renault,Arkana,Хэтчбек,sale,2022,56000,Автомат,Черный,1.6,Газ-бензин,Родная краска,Полный,avtoelon
6665751,https://avtoelon.uz/a/show/6665751,19.05.2026,,Навои,9568,USD,"Gaz bor, probeg haqiqiy, o'zim haydaganman, bitta egasi bo'lgan",https://kluz-photos-tasinha.kcdn.online/webp/7c/7c99ae15-2d8f-45d6-85b0-f5bacff1f365/1-full.webp,,Chevrolet,Gentra,Седан,sale,2021,58000,Механика,Мокрый асфальт,1.5,Газ-бензин,Родная краска,Передний,avtoelon
7268899,https://avtoelon.uz/a/show/7268899,19.05.2026,,Фергана,5300,USD,"Hamma joyi yahshi stok holata polni shumka sentir zamoklari bor chihol poliklari bor rul chiholi bor, gaz bor probek halol, txkdan o'tgan, holati yangi kuzif qismi almashtirilgan mashina 2021 yil, kuzif 2023 yil.",https://kluz-photos-tasinha.kcdn.online/webp/71/71326467-39c9-4a25-92a2-cb927a50fe6b/1-full.webp,,Chevrolet,Damas,Седан,sale,2021,84500,,,,,Родная краска,Задний,avtoelon
7223938,https://avtoelon.uz/a/show/7223938,19.05.2026,,Фергана,23500,USD,"Kraska bor, probeg haqiqiy",https://kluz-photos-tasinha.kcdn.online/webp/31/31722211-7d49-4cb1-bf9d-47ddbcb49fe1/4-full.webp,,Chevrolet,Equinox,Кроссовер,sale,2023,14000,,,,,Крашеная,Полный,avtoelon
7258078,https://avtoelon.uz/a/show/7258078,19.05.2026,,Бухара,7000,USD,"Faqat oformlenyaga barter kridit yuq. Ravon r2 avtomat 2020 1-pozitsya. Propan 4pokalen 20.11.2025 quyildi Abs bor, led zimmer fara, orqa oldi kamera, Megicar 905, Malibu 2 rul. 88.000Ming probeg halol Mator karopka hadavoy iwi yuq zavod. Qimmat chixol, oldi orqa orginal kalonka urnatilgan. Kruz kantrol suv datchik ochilgan. Yaxshi Yumshoq balon yaqinda taqilgan. Moy castirol 5/30 orginal quyiladi 94minda aliwadi, 5oy oldin antifriz mannol quyildi. Uzim uchun qarab haydaganman 1-qul salondan taksi qilinmagan. Avarya bulmagan udar yuq orqa o'ng kriloni darvozaga urib olganman uwanga kriloni yarmi kraska qilingan qolgan joyi tozza. Kechgi 17: 00dan ertalab 10: 00gacha aloqadaman qolgan vaqt bez zvuk.",https://kluz-photos-tasinha.kcdn.online/webp/9f/9f62e405-3d85-4745-984f-cfd7ced20576/7-full.webp,,Chevrolet,Spark,Хэтчбек,sale,2020,88000,Автомат,,1.25,Бензин,Родная краска,Передний,avtoelon
7230402,https://avtoelon.uz/a/show/7230402,19.05.2026,,Фергана,8000,USD,"Kraskasi yo'q, kredit imkoniyati bor, probeg haqiqiy, gaz bor, holati yangi, pōlni shumka qilingan urilgan joyi yo'q, uy-ish uchun yurilgan olgan inson baraka topadi",https://kluz-photos-tasinha.kcdn.online/webp/6f/6ff13884-a720-4285-a79e-869b09bafb01/1-full.webp,,Chevrolet,Damas,Седан,sale,2025,8000,,,,,Родная краска,Задний,avtoelon
7088767,https://avtoelon.uz/a/show/7088767,19.05.2026,,Ташкент,3330,USD,"Kraska bor, holati o'rtacha, tXKdan o'tgan, o'zim haydaganman",https://kluz-photos-tasinha.kcdn.online/webp/fc/fca64a03-0d2a-4df3-b8dd-371b8c1531ab/1-full.webp,,Daewoo,Nexia,Седан,sale,2001,5000,,,,,Крашеная,Передний,avtoelon
7002057,https://avtoelon.uz/a/show/7002057,19.05.2026,,Ташкент,53000,USD,"Li Auto l9 2023| Full| 30 000 км| Идеал Цена: 53 000$, торг у капота Продам Li Auto l9, 2023 года. Пробег 30 000 км, реальный. Гибрид (электро + ДВС) Автомат Полный привод 1 владелец ПТС оригинал Юридически чистая, без залогов и ограничений Готова к любым проверкам Состояние: Машина в идеальном техническом и внешнем состоянии. ДТП не было, не красилась, сколов и царапин нет. Ошибок нет, работает без нареканий. Шины и аккумулятор в отличном состоянии. Из особенностей: -Тюнинг -Эксклюзивный цвет -Машина обклеена броне-пленкой -Все расходники были заменены своевременно Комплектация — максимальная (FULL): Климат-контроль, подогревы, круиз-контроль, камеры 360, парктроники, мультимедиа, ABS, ESP, подушки безопасности. Обслуживание: Полная сервисная история. Недавно менялось масло. Все документы на руках. Цвет: зелёный, кузов SUV. Причина продажи — покупка другого автомобиля. Живые фото, салон чистый. Реальному покупателю — адекватный торг.",https://kluz-photos-tasinha.kcdn.online/webp/6d/6d2c8c34-56bb-4b49-a633-4966c781fbb3/1-full.webp,,LI,L9,Внедорожник,sale,2023,30000,Автомат,Зеленый,1.5,Гибрид,Родная краска,Полный,avtoelon
7254267,https://avtoelon.uz/a/show/7254267,19.05.2026,,Ташкент,15250,USD,"Продаю Свою ласточку) Очень жалко с ней расставаться. Машина реально хорошая и стоит своих денег. Очень плавный ход, самая мягкая подвеска. Комфорт, дизайн и стиль всё в одной машине. Ухаживал и пользовался машиной очень бережно. Работает как часитики без перебоев. Если хотите комфорт, стиль и красоту берите не пожалеете. Машина реально хорошая! В ДТП не участвовала! Краска своя. За один год и 8 месяцев проехал совсем немного.35.000.",https://kluz-photos-tasinha.kcdn.online/webp/d0/d0781a54-408a-435f-bf47-39493204245c/1-full.webp,,Chery,Arrizo 6 Pro,,sale,2024,35000,Автомат,,1.5,Бензин,Родная краска,,avtoelon
7249561,https://avtoelon.uz/a/show/7249561,19.05.2026,,Наманган,2000,USD,"Holati yahshi, olgan odam nomiga o'tkazvolish kerak.",https://kluz-photos-tasinha.kcdn.online/webp/37/376a43d1-f923-45ad-b506-15aa6285e165/4-full.webp,,Daewoo,Nexia,Седан,sale,1999,146000,Механика,,,,Крашеная,Передний,avtoelon
7033411,https://avtoelon.uz/a/show/7033411,20.05.2026,,Ташкент,11300,USD,Кобалт 2024й.4-позитция автомат. Ранги оқ. Пробеги 15000км. Стар стоп. Стар лайн пулт (оригинал 400$). Лед чироқлар. Тунел даччик. 4 та янги балон. Краска тоза. Акуратно хайдалган.,https://kluz-photos-tasinha.kcdn.online/webp/2c/2cd9bb27-fa98-48bf-879d-9161f5ef5aa5/2-full.webp,,Chevrolet,Cobalt,Седан,sale,2024,15000,Автомат,Белый,1.5,Бензин,Родная краска,Передний,avtoelon
7210378,https://avtoelon.uz/a/show/7210378,20.05.2026,,Ташкент,1500,USD,"Kraska bor, gaz bor, probeg haqiqiy, holati o'rtacha, ozgina xarajalari bor, tXKdan o'tgan",https://kluz-photos-tasinha.kcdn.online/webp/ba/ba44567f-ca0e-4107-a5fe-49501a41b05f/1-full.webp,,Daewoo,Nexia,Седан,sale,2000,250000,Механика,Белый,1.5,Газ-бензин,Крашеная,Передний,avtoelon
7242136,https://avtoelon.uz/a/show/7242136,20.05.2026,,Ташкент,6800,USD,4ta yumshoq balon chexol polik shumka orqa bortiga rezinkala tashlangan xarajati yoq uzimni moshinam qolgani malumot telda gaplashamiz,https://kluz-photos-tasinha.kcdn.online/webp/70/707cced5-7e6d-47e3-b69e-606573a31995/1-full.webp,,Chevrolet,Labo,Пикап,sale,2023,93500,,,,,Родная краска,Задний,avtoelon
7259794,https://avtoelon.uz/a/show/7259794,20.05.2026,,Наманган,5000,USD,"Spark 2013 Holati tinniq full pozitsiya Avtomat Udari YO'Q MOTOR KAROBKA ZO'R polni navorot: 4ta yangi balon, monitor, pult, va hokazo O'ylab o'tirmay tezda aloqaga chiqinglar Super narx.",https://kluz-photos-tasinha.kcdn.online/webp/1c/1c6af772-4757-43dc-bf5c-374c6cc1457e/1-full.webp,,Chevrolet,Spark,Хэтчбек,sale,2013,146,Автомат,,1.3,Газ-бензин,Есть пятно,Передний,avtoelon
7268726,https://avtoelon.uz/a/show/7268726,20.05.2026,,Касансайский район,31000,USD,"Город Касансайский район Год 2021 Объем двигателя, л 2.4 (Газ) Кузов Минивэн Пробег 123 000 км Коробка передач Автомат Цвет Белый Состояние краски Родная краска Привод Задний Торг есть Да",https://kluz-photos-tasinha.kcdn.online/webp/6b/6b15b658-d956-4256-9e7a-cb49b2242b8d/1-full.webp,,Hyundai,Starex,Минивэн,sale,2021,123000,Автомат,Белый,2.4,Газ,Родная краска,Задний,avtoelon
7213199,https://avtoelon.uz/a/show/7213199,20.05.2026,,Ташкент,5800,USD,"kuzov 2023 yil 2022 dekabr chiqqan Kraska bor, gaz bor, probeg haqiqiy, urilgan joyi bor, shahar bo'ylab taksi qilingan",https://kluz-photos-tasinha.kcdn.online/webp/37/3792613f-102a-4094-81f1-abe089109b33/1-full.webp,,Chevrolet,Labo,Пикап,sale,2022,151000,,,,,Крашеная,Задний,avtoelon
6682226,https://avtoelon.uz/a/show/6682226,20.05.2026,,Ташкент,45500,USD,Kia Sorento Comfort 4x Salonda 642 mln li. Holati. Bez Probeg. Masla. Salafanda turibdi 2025-yil Salondan olingan Hozirda Salonda mavjud emas Rangi Beliy Jemchuk Probeg 3 ming. Benzin da Panorama tom. Evakor Polik GM Parok. Zashita setka Oʻzimni nomimda. Faqat naxt Jizzax shahar da turibdi Salon narxi dan 140 mln arzon,https://kluz-photos-tasinha.kcdn.online/webp/01/0136de7b-fb72-4718-b5ef-8e269002371b/2-full.webp,,Kia,Sorento,Внедорожник,sale,2025,3,Автомат,Белый,2.5,Бензин,Родная краска,Полный,avtoelon
7256324,https://avtoelon.uz/a/show/7256324,20.05.2026,,Ташкент,23900,USD,"605 км, 2024ни охири рестайлинг вариант, краска битта орка крылода, қолган жойи тоза, пробег 43.700 км.",https://kluz-photos-tasinha.kcdn.online/webp/77/77294570-3bbd-4375-97c6-9f5a3b3d237d/1-full.webp,,BYD,Song Plus EV Champion,Универсал,sale,2024,43700,Автомат,Белый,1.5,Электричество,Есть пятно,Передний,avtoelon
7260456,https://avtoelon.uz/a/show/7260456,20.05.2026,,Навои,5973,USD,"Gaz bor, probeg haqiqiy, remont kerak emas, o'zim haydaganman",https://kluz-photos-tasinha.kcdn.online/webp/32/327ef77a-bbba-4745-b69a-ce049efbe293/1-full.webp,,Chevrolet,Damas,Седан,sale,2023,92300,,,,,Родная краска,Задний,avtoelon
7255218,https://avtoelon.uz/a/show/7255218,20.05.2026,,Янгибазарский район,14932,USD,"Gaz bor, kraskasi yo'q, holati yangi, probeg haqiqiy, uy-ish uchun yurilgan, urilgan joyi yo'q, o'zim haydaganman, navorot qilinmagan",https://kluz-photos-tasinha.kcdn.online/webp/ab/ab325155-f05a-45f9-9b4f-626b1844a92c/2-full.webp,,ВАЗ (Lada),Largus Сross,,sale,2022,162000,,,,,Родная краска,,avtoelon
7267902,https://avtoelon.uz/a/show/7267902,20.05.2026,,Наманган,11000,USD,"Kraskasi yo'q, gaz bor, probeg haqiqiy, holati yangi, navorot qilingan",https://kluz-photos-tasinha.kcdn.online/webp/dd/dda17c78-de5c-4e18-86db-6870ef462ab3/1-full.webp,,Chevrolet,Cobalt,Седан,sale,2023,102000,Автомат,,1.5,Бензин,Родная краска,Передний,avtoelon
7138450,https://avtoelon.uz/a/show/7138450,20.05.2026,,Ташкент,7200,USD,"Автомобиль в хорошем состоянии, никаких проблем с двигателем, ходовой или кузовом нет. Не требует никаких капитальных вложений. В ДТП не попадал, не крашен, кузов в родной заводской краске, цвет — серебристый металлик. Машина эксплуатировалась аккуратно в одних руках, заправлялись только высокооктановый бензин и синтетическое моторное масло, салон абсолютно не изношен и чистый, всё работает исправно. Отличный вариант для комфортной и надёжной езды.",https://kluz-photos-tasinha.kcdn.online/webp/b8/b8a93f19-4a9e-4aa2-9278-421d79986e6a/1-full.webp,,Chevrolet,Epica,Седан,sale,2007,102500,Механика,Серебристый,2,Бензин,Родная краска,Передний,avtoelon
7238223,https://avtoelon.uz/a/show/7238223,20.05.2026,,Камашинский район,3733,USD,Oziroq petnosi bor moshena yuradi,https://kluz-photos-tasinha.kcdn.online/webp/3b/3b0f691d-12c2-43f7-9a85-cc74dcc21fae/1-full.webp,,УАЗ,Patriot,Внедорожник,sale,2006,350000,Механика,,,,Крашеная,Полный,avtoelon
7266577,https://avtoelon.uz/a/show/7266577,20.05.2026,,Пскент,5500,USD,"На ходу, кондиционер, янги чехол, газ бор",https://kluz-photos-tasinha.kcdn.online/webp/d8/d8be4984-2d90-4fd8-b486-148264f4b542/1-full.webp,,Chevrolet,Lacetti,Седан,rent_to_own,2012,369000,Механика,,1.8,Бензин,,Передний,avtoelon
7266568,https://avtoelon.uz/a/show/7266568,20.05.2026,,Наманган,8799,USD,"Holati yaxshi. Probeg haqiqiy, gaz bor",https://kluz-photos-tasinha.kcdn.online/webp/31/319d2d9e-d2c2-4cee-94af-66296f0ebe48/1-full.webp,,Chevrolet,Malibu,Седан,sale,2013,140000,Механика,,2.4,Бензин,Есть пятно,Передний,avtoelon
7238488,https://avtoelon.uz/a/show/7238488,20.05.2026,,Денау,9125,USD,Ассаломалейкум метан бензинда пулт видиорегстратсия магнитофон яхшисидан куйилган чехол полик бор Вариант хам бор 60 мил пули борга 4 ойлар колганини гаплашамиз,https://kluz-photos-tasinha.kcdn.online/webp/a5/a5e3cee2-3657-4243-a3dd-4111fbca1587/1-full.webp,,Chevrolet,Gentra,Седан,sale,2018,173000,Механика,,1.8,Бензин,Есть пятно,Передний,avtoelon
7252357,https://avtoelon.uz/a/show/7252357,20.05.2026,,Наманган,4000,USD,"Kraska bor, gaz bor, probeg haqiqiy, remont kerak emas, uy-ish uchun yurilgan xolati yaxshi yana kelishtirib beriladi kraska 1 ta eshik ozgina va kapot uyam ozgina",https://kluz-photos-tasinha.kcdn.online/webp/41/4182e3b7-eca7-4ce8-acca-3a7249979d0e/1-full.webp,,Chevrolet,Nexia 2,Седан,sale,2013,230000,Механика,,1.5,Бензин,Крашеная,Передний,avtoelon
7219175,https://avtoelon.uz/a/show/7219175,20.05.2026,,Наманган,23000,USD,"Продаю Changan Deepal s07 MAX. Гибрид 1000 км. Автомобиль в отличном состоянии, полностью готов к эксплуатации без вложений. Бережная эксплуатация, своевременное обслуживание — всё делалось для себя. Причина продажи переезд в другую страну! Краска родная, не требует вложений! Краски нет, пробег реальный, ездил работа — дом",https://kluz-photos-tasinha.kcdn.online/webp/0b/0beaab97-b4e0-4b18-a353-1ec611fbe62a/1-full.webp,,Deepal,S07,,sale,2024,35000,,,,,Родная краска,Задний,avtoelon
6924680,https://avtoelon.uz/a/show/6924680,20.05.2026,,Наманган,17000,USD,"Red Line. Bir kishi haydagan, holati yangi, tayyor minadigan moylariga qarab yaxshi haydalgan",https://kluz-photos-tasinha.kcdn.online/webp/61/619630e3-6bec-4c37-9225-a6afaa7bd539/1-full.webp,,Chevrolet,Tracker,Кроссовер,sale,2024,67000,,Белый,,,Родная краска,Передний,avtoelon
7266584,https://avtoelon.uz/a/show/7266584,20.05.2026,,Ташкент,8850,USD,Kraskasi yo'q 4 gazi bor prabeg 97000,//avtoelon.uz/og-image-512x512.png,,Chevrolet,Nexia 3,Седан,sale,2020,97000,Автомат,,1.5,Бензин,Родная краска,Передний,avtoelon
7117052,https://avtoelon.uz/a/show/7117052,20.05.2026,,Хазараспский район,3152,USD,"Kraskasi yo'q, gaz bor, probeg haqiqiy, bitta egasi bo'lgan, navorot qilingan",https://kluz-photos-tasinha.kcdn.online/webp/81/8106c67d-4370-4dec-9846-324d4bb81051/1-full.webp,,Daewoo,Nexia,Седан,sale,2006,206000,,,,,Родная краска,Передний,avtoelon
7230166,https://avtoelon.uz/a/show/7230166,20.05.2026,,Узунский район,9291,USD,кобилт 2019 йил 10 ой краска тоза юургани 93.000 чихол полик янги турта эшик тарпеда шумка килинган хадавой мерс килинган турта балон янги мияхки диска афтаматики куйилган аргинал метан туртинчи пакалена инжекторли механика мошинимиз хайдап курип юокса сокасини санайсиз,https://kluz-photos-tasinha.kcdn.online/webp/13/13d4b5f2-27c9-4d93-a43d-a31dc66f13c2/1-full.webp,,Chevrolet,Cobalt,Седан,sale,2019,93000,Механика,,1.5,Газ-бензин,Родная краска,Передний,avtoelon
7268707,https://avtoelon.uz/a/show/7268707,20.05.2026,,Ташкент,49700,USD,LI 9 max Yili 2023 Probeg 48.000 Kraska toza Gibrid Tanirofka ruxsatnomasi bor Moshina oldi qismi tom bagaj broni plyonka qlingan You tube lari bor ishlidi Qora rangi Apilsin salon Reduktor karobka mator hamma moylari yaqinda alishgan Qirilgan joylari yo moshina yaxshi holatda Moshina faqat naxtga sotiladi Tel +,https://kluz-photos-tasinha.kcdn.online/webp/de/dee80919-d529-4286-a9b0-78a50ad084ef/19-full.webp,,LI,L9,,sale,2023,48000,,,,,Родная краска,,avtoelon
7164288,https://avtoelon.uz/a/show/7164288,20.05.2026,,Самарканд,15300,USD,Продам Свою машину Каптиву 4 Состояние идеальное 10 см питно багажникда колган жойлари родной мотор 2.4 хадавой идеальное Год 2017 Пробег 119.000 узини Канги JK Бинзин Балон 4 янги Фаралар Ксено Аник олувчилар телефон килсин. Узимни номимда,https://kluz-photos-tasinha.kcdn.online/webp/0d/0d243718-cc94-4731-8499-3fb5045520e3/1-full.webp,,Chevrolet,Captiva,Кроссовер,sale,2017,119000,Автомат,,3,Бензин,Есть пятно,Полный,avtoelon
7240838,https://avtoelon.uz/a/show/7240838,20.05.2026,,Коканд,5200,USD,"Kraska bor, probeg haqiqiy, holati ideal, remont kerak emas, bir nechta egasi bo'lgan, taksi qilinmagan",https://kluz-photos-tasinha.kcdn.online/webp/fb/fbf81d87-3d53-43b2-9535-2d5bcafd8258/1-full.webp,,Chevrolet,Spark,Хэтчбек,sale,2013,263000,Механика,,1,Бензин,Крашеная,Передний,avtoelon
7119755,https://avtoelon.uz/a/show/7119755,20.05.2026,,Наманган,6000,USD,"Nexia 3 Avtomat karobka 4 pozitsiya Kraska bor Generalni bo'ladi O'ylab o'tirmay tezda aloqaga chiqinglar Narxi Super, ulgurib qoling NASIYA VIKUP YO'OOO'Q",https://kluz-photos-tasinha.kcdn.online/webp/fc/fc54b7ac-b554-4e19-8ee6-07c26d0bb745/30-full.webp,,Chevrolet,Nexia 3,Седан,sale,2017,239,Автомат,,1.5,Газ-бензин,Есть пятно,Передний,avtoelon
7097092,https://avtoelon.uz/a/show/7097092,20.05.2026,,Самарканд,10800,USD,Продаю Машину Кобальт Состояние идеальное Краска родной Бита олди крыло питно 2024 Пробег 40.000 Газ Метан 4 поколение полик чехол бор видео регистратор ойналар солнце защита Хулас таёр оласиз минасиз нархи 10.800$ савдоси бор ИЛТИМОС Олиб сотар безота килмай Илтимос!,https://kluz-photos-tasinha.kcdn.online/webp/42/42ef692d-1797-426d-9377-f8be47915340/1-full.webp,,Chevrolet,Cobalt,Седан,sale,2024,40000,Автомат,Белый,1.5,Газ-бензин,Есть пятно,Передний,avtoelon
7238207,https://avtoelon.uz/a/show/7238207,20.05.2026,,Самарканд,4300,USD,Orqa chap eshikda ozgincha petno bor mashina benzinda yurga gaz umuman quyilmagan kandetsaner bor moshinada steklo padyomnik elektonni hamma joyi radnoy qarab minilgan moshina,https://kluz-photos-tasinha.kcdn.online/webp/fc/fc9b8a30-0c0b-49c1-acd4-310b2659dfbb/2-full.webp,,Chevrolet,Spark,Хэтчбек,sale,2011,118113,Механика,,1.3,Бензин,Крашеная,Передний,avtoelon
7230155,https://avtoelon.uz/a/show/7230155,20.05.2026,,Избасканский район,3500,USD,"Kraska chap qriloda udari yoq, gaz bor, probeg haqiqiy",https://kluz-photos-tasinha.kcdn.online/webp/6e/6e69d1af-5ccb-468e-b0ba-508657e1e53e/1-full.webp,,Chevrolet,Matiz,Хэтчбек,sale,2017,156500,Механика,,0.8,Бензин,Крашеная,Передний,avtoelon
7200755,https://avtoelon.uz/a/show/7200755,20.05.2026,,Бухара,20000,USD,Город Бухара Год 2020 Кузов Седан Пробег 190 000 км Цвет Белый Состояние краски Родная краска Привод Передний Торг есть Да,https://kluz-photos-tasinha.kcdn.online/webp/94/94e8a39d-d780-4810-ae0b-4da8cdedfaea/1-full.webp,,Chevrolet,Malibu 2,Седан,sale,2020,190000,,Белый,,,Родная краска,Передний,avtoelon
7268376,https://avtoelon.uz/a/show/7268376,20.05.2026,,Камаши,3350,USD,Nexia sonis trabilyor petnobor 100 gazi bor,https://kluz-photos-tasinha.kcdn.online/webp/ad/ad913c84-d8c8-4920-bc5b-917f5831fe82/1-full.webp,,Chevrolet,Nexia 2,Седан,sale,2009,331,Механика,,1.5,Бензин,Есть пятно,Передний,avtoelon
7251762,https://avtoelon.uz/a/show/7251762,20.05.2026,,Ташкент,9800,USD,"Gaz bor, probeg haqiqiy, taksi qilinmagan",https://kluz-photos-tasinha.kcdn.online/webp/b0/b0300ec5-b69a-4bf2-baeb-46e24f8b7bd7/1-full.webp,,Chevrolet,Cobalt,Седан,sale,2022,122000,Автомат,,1.5,Бензин,Родная краска,Передний,avtoelon
7243443,https://avtoelon.uz/a/show/7243443,20.05.2026,,Бухара,1900,USD,Moshinani minish uchun taxlaganman mator yaqinda yangi bosilgan xadavoy yaxshi 4 ta yumshoq yangi balon metan benzin maytafon usilitl pioner orginal chempion kalonka kraskasi ham bor,https://kluz-photos-tasinha.kcdn.online/webp/e0/e0f8fb1d-7a33-4b18-897e-5c4e8a93fc1e/3-full.webp,,ВАЗ (Lada),2107,Седан,sale,2000,,Механика,Белый,,,Крашеная,Задний,avtoelon
7097581,https://avtoelon.uz/a/show/7097581,20.05.2026,,Ташкент,8800,USD,Год выпуска: 2021 Пробег: 91 700 км Сигнализация: Magicar 908 Состояние: есть небольшое пятно по кузову (не критично) В ДТП не участвовал Цена: 8800$,https://kluz-photos-tasinha.kcdn.online/webp/9f/9fd4359e-3e44-4fe8-bdcd-332372e0fbd2/1-full.webp,,Chevrolet,Cobalt,Седан,sale,2021,91700,Автомат,Серый,1.5,Бензин,Есть пятно,Передний,avtoelon
7219428,https://avtoelon.uz/a/show/7219428,20.05.2026,,Андижан,11000,USD,Moshina gentra 2022yil kraskasi toza 4pakalenya metan qoyilgan Moshinani ozim minganma ideal Malibu 2bar qoyilgan Oldi amerikanka arginal polniy led qoyilgan Orqa obtra qoyilgan arginal 4ta largo yumshoq balon yaqnda qoyildi Salon polniy akfaprint qilingan Efakor yangi polik tashalgan Pultlari bor tolq hammayogi ishled Qarab ideal qib minilgan Moshinani olasz minasz boldi Uy olinyapti shunga sotilyapti Moshinani korganda havas qiladigon Video regstratr bilan anteradar bor,https://kluz-photos-tasinha.kcdn.online/webp/7e/7e8bea9f-4a18-49e9-a9bc-95118616c7ac/1-full.webp,,Chevrolet,Gentra,Седан,sale,2022,43000,Механика,,1.8,Газ-бензин,Родная краска,Передний,avtoelon
7092097,https://avtoelon.uz/a/show/7092097,20.05.2026,,Ташкент,12949,USD,Аренда выкуп лизинг Бошлангич тулов 0% дан 30% гача 1 йилдан 5 йилгача берилади,https://kluz-photos-tasinha.kcdn.online/webp/02/027f1045-672c-4f05-9ed7-03cb665f2112/2-full.webp,,Chevrolet,Cobalt,Седан,rent_to_own,2025,,Автомат,,1.5,Бензин,Родная краска,Передний,avtoelon
7268394,https://avtoelon.uz/a/show/7268394,20.05.2026,,Андижан,19600,USD,Донгфенг S508 gıbrıd 2024 кузов 2023 техпаспорт Краска тоза Пароглар куйилган Афициалнийдан олинган Гарантия 5 йил,https://kluz-photos-tasinha.kcdn.online/webp/94/94e85e0d-ccf1-4291-8fd5-1101ab2cd3a0/1-full.webp,,Dong Feng,Fengon 508 EVR,,sale,2023,47000,Автомат,Черный,1.5,Гибрид,Родная краска,Передний,avtoelon
7217928,https://avtoelon.uz/a/show/7217928,20.05.2026,,Ташкент,7900,USD,Аренда-выкуп бошлангич тулов 10% дан 30% гача ва Лизинг 0 тулов 1 йилдан 5 йилгача.,https://kluz-photos-tasinha.kcdn.online/webp/95/95d70c6f-c9e0-475c-a13e-ac9e34704a72/1-full.webp,,Chevrolet,Labo,Пикап,rent_to_own,2026,,,,,,Родная краска,Задний,avtoelon
7267167,https://avtoelon.uz/a/show/7267167,20.05.2026,,Бухара,4550,USD,Kraska bor,https://kluz-photos-tasinha.kcdn.online/webp/4c/4c85aa5a-2cc8-47dd-96dd-e12eea2bffa1/1-full.webp,,Chevrolet,Lacetti,Седан,sale,2009,400000,Автомат,,1.6,Бензин,Крашеная,Передний,avtoelon
7198634,https://avtoelon.uz/a/show/7198634,20.05.2026,,Самарканд,11500,USD,"Краска есть, есть газ, состояние среднее",https://kluz-photos-tasinha.kcdn.online/webp/6f/6ff50515-4968-43e9-9c4e-105509052110/1-full.webp,,Kia,Cerato,,sale,2014,190000,,,,,Есть пятно,,avtoelon
7254810,https://avtoelon.uz/a/show/7254810,20.05.2026,,Ангрен,1950,USD,"МАТОР КАРОБКА Яхши СУЯГИ ОЛДИ ОРҚАСИ СТОЙКАЛАРИ БУТУН Газ бензин, tXKdan o'tgan ГЕН БОР",https://kluz-photos-tasinha.kcdn.online/webp/91/91d2e6ff-ab0b-4fef-b615-120e3e5a1f9c/1-full.webp,,Daewoo,Matiz (Standart),Хэтчбек,sale,2009,300,Механика,,0.8,Газ-бензин,Крашеная,Передний,avtoelon
7266193,https://avtoelon.uz/a/show/7266193,20.05.2026,,Бухара,4375,USD,"Kraska bor, probeg haqiqiy, remont kerak emas, taksi qilinmagan, bitta egasi bo'lgan, o'zim haydaganman",https://kluz-photos-tasinha.kcdn.online/webp/84/8444737b-d76d-4a96-b476-757a682fd5b7/1-full.webp,,Chevrolet,Damas,Седан,sale,2018,134000,,,,,Крашеная,Задний,avtoelon
7234896,https://avtoelon.uz/a/show/7234896,20.05.2026,,Бухара,2500,USD,Gaz bor,https://kluz-photos-tasinha.kcdn.online/webp/a7/a788a22d-7ce6-415c-ba6c-389495ba11b2/1-full.webp,,Chevrolet,Matiz,Хэтчбек,sale,2010,178000,Механика,,0.8,Газ-бензин,Есть пятно,Передний,avtoelon
6896361,https://avtoelon.uz/a/show/6896361,20.05.2026,,Ташкент,22000,USD,"Краски нет, пробег реальный, состояние идеал, ездил сам, один владелец доп. Контакт номер",https://kluz-photos-tasinha.kcdn.online/webp/68/68626fae-8c60-4e28-aeee-eaa0566eab46/1-full.webp,,Chery,Tiggo 7 Pro,Кроссовер,sale,2025,9000,Автомат,Белый,,,Родная краска,Передний,avtoelon
6800158,https://avtoelon.uz/a/show/6800158,20.05.2026,,Ташкент,27000,USD,BYD Champion Gibrid 110 Km Dop Opsiya Yili 2024/2025 Probeg 30.000 Km Xalol Porog qo'yilgan. Salon Laminatsiya Solntse Zashita qimmati Xamma Prilojeniyala yozilgan. Evakor Polik Original Moshina o'zimmi nomimda! Astana Motors Avtosalondan olingan Ofitsialniy Dillerdan! 5 YIL Kafolati BOR Naqtga 27 000$ beriladi Iltimos bolar bolmasga tel qimelar,https://kluz-photos-tasinha.kcdn.online/webp/02/02bcc0e9-9a8d-484c-8689-0ae9fa3565ab/1-full.webp,,BYD,Song Plus DM-i Champion,,sale,2024,30000,Автомат,,,,,,avtoelon
7255217,https://avtoelon.uz/a/show/7255217,20.05.2026,,Ташкент,31800,USD,"Dongfeng 008 max 2026 йил 2026 рестайлинг кузов ранги кора ва ок салони апельсин ва кора таможнядан 2 соатда номийларга чикади 31800 бонусига русификация ва дастурлар езиб берамиз 7 клвт зарядка ва полик. Dongfeng 008 Max кузов 2026 года, рестайлинг 2026 Цвет кузова чёрный и белый. Салон оранжевый и чёрный. С таможни на ваше имя выйдет Цена 31 800. В бонус входит русификация и установка программ. Также в комплекте зарядка 7 кВт и коврики.",https://kluz-photos-tasinha.kcdn.online/webp/6f/6f5e27fb-9604-4bc8-a536-f16a3fcf415b/1-full.webp,,Dong Feng,EP 008,,sale,2026,,,,,,Родная краска,,avtoelon
7240786,https://avtoelon.uz/a/show/7240786,20.05.2026,,Бухара,6700,USD,Город Бухара Год 2023 Кузов Пикап Пробег 50 150 км Состояние краски Крашеная Привод Задний,https://kluz-photos-tasinha.kcdn.online/webp/46/468bfd94-312f-4709-85d6-a34160234e9d/1-full.webp,,Chevrolet,Labo,Пикап,sale,2023,50150,,,,,Крашеная,Задний,avtoelon
7270993,https://avtoelon.uz/a/show/7270993,20.05.2026,,Янгиер,17000,USD,Abs. Lyuk. Diska. Mafon. Bakavoy knopka. Benzin Palirovka keramika magicar tanirovka Michelin balon dapalnitelniy ventilyator chexol polik,https://kluz-photos-tasinha.kcdn.online/webp/ac/ac031ff6-64d6-4856-b75a-0729c27ead10/1-full.webp,,Chevrolet,Gentra,Седан,sale,2024,7980,Автомат,,1.6,Бензин,Родная краска,Передний,avtoelon
7260445,https://avtoelon.uz/a/show/7260445,20.05.2026,,Гулистан,10300,USD,"Gaz bor, probeg haqiqiy, uy-ish uchun yurilgan, navorot qilingan",https://kluz-photos-tasinha.kcdn.online/webp/ec/ec9d10e8-1062-4ce7-91f7-b4863e38a4c5/1-full.webp,,Chevrolet,Cobalt,Седан,sale,2023,101000,Автомат,,1.5,Бензин,Есть пятно,Передний,avtoelon
7228051,https://avtoelon.uz/a/show/7228051,20.05.2026,,Ташкент,8450,USD,Kraskasi yo'q binzinda zapaska tushmagan,//avtoelon.uz/og-image-512x512.png,,Chevrolet,Nexia 3,Седан,sale,2017,7700,Автомат,Белый,1.5,Бензин,Родная краска,Передний,avtoelon
7264141,https://avtoelon.uz/a/show/7264141,20.05.2026,,Ташкент,15000,USD,"Краска есть, ездил сам, ремонт не нужен, пробег реальный хадавой зор матор зор",https://kluz-photos-tasinha.kcdn.online/webp/1e/1ed3a9d2-f9b2-45ee-b0da-1f4e6f64a3d3/1-full.webp,,Chevrolet,Malibu 2,Седан,sale,2017,175000,,,,,Есть пятно,Передний,avtoelon
7244007,https://avtoelon.uz/a/show/7244007,20.05.2026,,Андижан,10000,USD,"Краска тоза, Бензин, приера матор, руль электронный, стекло подёмник, бакавой электроный. Navorot qilingan",https://kluz-photos-tasinha.kcdn.online/webp/90/9011c5c2-4445-44ca-8085-24014b4dff85/1-full.webp,,ВАЗ (Lada),2107,Седан,sale,2012,110000,Механика,Черный,,,Родная краска,Задний,avtoelon
5908192,https://avtoelon.uz/a/show/5908192,20.05.2026,,Ташкент,9000,USD,"1850$ boshiga va 360$ dan — 36 oy. Aksiya hisobiga yillik 27%. Kraskasi tozza, ideal holatda! Kam yurgan! Motor; korobka moylari va svechalari almashgan! To’ liq servis xizmatidan o’ tgan! Sport programma motor va korobkasiga bor! Magic car; Monitor; pioneer kolonka; parkovka datchiklar; qimmat chehol va yangi yumshoq ballonlari bor.",https://kluz-photos-tasinha.kcdn.online/webp/1d/1dc2e2ee-b63c-4ca2-a309-924b087a5676/34-full.webp,,Chevrolet,Nexia 3,Седан,rent_to_own,2018,81500,Автомат,,1.5,Бензин,,Передний,avtoelon
7264144,https://avtoelon.uz/a/show/7264144,20.05.2026,,Фергана,1500,USD,Город Фергана Год 1998 Кузов Седан Пробег 999 999 км Состояние краски Крашеная Привод Задний,https://kluz-photos-tasinha.kcdn.online/webp/8a/8afea3e3-1f0d-4c69-8e55-94927d707ede/1-full.webp,,Daewoo,Damas,Седан,sale,1998,999999,,,,,Крашеная,Задний,avtoelon
7264153,https://avtoelon.uz/a/show/7264153,20.05.2026,,Ташкент,5200,USD,"Краска есть, пробег реальный",https://kluz-photos-tasinha.kcdn.online/webp/e5/e5f4d2ff-495d-4913-ae31-263fcba3abbd/1-full.webp,,Chevrolet,Nexia 3,Седан,sale,2020,359000,Механика,,1.5,Бензин,Полный окрас,Передний,avtoelon
7264039,https://avtoelon.uz/a/show/7264039,20.05.2026,,Ташкент,7200,USD,2019 йил 100 000 км 1.25 мотор Автомат Ок ранг Газда юрмаган,https://kluz-photos-tasinha.kcdn.online/webp/04/0425aa71-92e4-43af-8f0d-5ac353c22238/3-full.webp,,Chevrolet,Spark,Хэтчбек,sale,2019,100000,Автомат,,1.3,Бензин,Родная краска,Передний,avtoelon
7268698,https://avtoelon.uz/a/show/7268698,20.05.2026,,Андижан,1400,USD,"Minib yurgan moshinamiz. Yaqinda motor, xodovoy qilindi. Propan 35 talik hujjati bilan. Sunnatiga ozroq oʻtib beramiz, 1.000$ tepasida kelishamiz. Bekordan vaqtimizi omen iltimos.",https://kluz-photos-tasinha.kcdn.online/webp/3c/3c9985f1-e972-47c1-b485-1a139e332262/1-full.webp,,Daewoo,Tico,,sale,2001,703463,,,,,Крашеная,,avtoelon
6777708,https://avtoelon.uz/a/show/6777708,20.05.2026,,Ташкент,1000,USD,"Damas 1 obmen bor Устина пул + бор келишилади олодиган булса телефон килинглар булар булмасга тел килавер манглар елтимос кеч 20""00дан 8, 00 тел килаверманглар",https://kluz-photos-tasinha.kcdn.online/webp/db/db4d8737-9e68-4e49-bc3f-b2e82e94ac4d/8-full.webp,,ВАЗ (Lada),2106,Седан,sale,1990,999,Механика,Белый,1.6,Газ-бензин,Крашеная,Задний,avtoelon
7101392,https://avtoelon.uz/a/show/7101392,20.05.2026,,Ташкент,13499,USD,Салондан узим олганман (Узимни номимда) Жентра 2023-24 Пробег 45 000 Краска тоза Метан ГАЗ-4 Наваротлари бор Насия вариянтга бераман,https://kluz-photos-tasinha.kcdn.online/webp/b9/b9c594dd-cb2b-4900-b47e-a4b48783a1f2/1-full.webp,,Chevrolet,Gentra,Седан,rent_to_own,2023,45000,Автомат,,1.6,Газ-бензин,Родная краска,Передний,avtoelon
7207239,https://avtoelon.uz/a/show/7207239,20.05.2026,,Джизак,26950,USD,"Holati yangi, gaz bor, probeg haqiqiy, navorot qilingan",https://kluz-photos-tasinha.kcdn.online/webp/3c/3c90b21a-1a98-4fc2-8a2f-40a90e9c9dba/1-full.webp,,Kia,Sportage,,sale,2023,41000,,,,,Родная краска,,avtoelon
7257817,https://avtoelon.uz/a/show/7257817,20.05.2026,,Самарканд,3300,USD,"Kraska bor, gaz bor, probeg haqiqiy, holati o'rtacha, remont kerak emas, uy-ish uchun yurilgan, o'zim haydaganman, tXKdan o'tgan",https://kluz-photos-tasinha.kcdn.online/webp/04/04456159-ec07-4053-b9b1-5ddfd35089af/1-full.webp,,Daewoo,Nexia II,Седан,sale,2009,195000,Механика,Бордовый,1.6,Газ-бензин,Крашеная,Передний,avtoelon
7035304,https://avtoelon.uz/a/show/7035304,20.05.2026,,Фергана,4450,USD,"Kraska bor, remont kerak emas, o'zim haydaganman, tXKdan o'tgan, propanda, o'zimi nomimda, shumka qilingan",https://kluz-photos-tasinha.kcdn.online/webp/f2/f2e6ee0a-90bd-4de4-8638-8997012fe1d5/1-full.webp,,Chevrolet,Spark,Хэтчбек,sale,2013,174000,Механика,Серебристый,1.3,Газ-бензин,Крашеная,Передний,avtoelon
7212799,https://avtoelon.uz/a/show/7212799,20.05.2026,,Ташкент,10800,USD,"Sotiladi: Chevrolet Gentra (3-pozitsiya) Holati alo, mashina o'zim uchun polniy navarot qilingan! Tayyor, harajat talab qilmaydi. Asosiy ma'lumotlar: Yili: 2021-yil Yurgan masofasi: 147, 000 km ️ yoqilg'i: Benzin + Metan gaz (4-pokoleniya STAG) Qilingan navarot va qulayliklar: Tashqi ko'rinish: Amerkanka fara va Optra stop-fara o'rnatilgan. Salon& Elektronika: Teyes CC3 monitor, Malibu rul, Malibu bar va Magicar 906 pulti bor. Audio sistema: Eshiklarda komponent kalonkalar va Usilitel o'rnatilgan, ovoz tiniq! Qo'shimcha: Video registrator bor. Interyer: Yangi Cardinal chixol va poliklar tashlangan. Patalok ""avtotikan""da qoraytirilgan (qora patalok). Hujjatlari: Tanirovka uchun yana 10 oylik ruxsatnomasi bor! Narxi:$ 10, 800 (Kelishiladi)",https://kluz-photos-tasinha.kcdn.online/webp/37/37cbc568-671b-493b-82ff-a0f4b26a0f6b/1-full.webp,,Chevrolet,Gentra,Седан,sale,2021,147000,Автомат,,1.6,Бензин,Родная краска,Передний,avtoelon
7249250,https://avtoelon.uz/a/show/7249250,20.05.2026,,Каттакурган,25000,USD,"Kraskasi yo'q, gaz bor, probeg haqiqiy",https://kluz-photos-tasinha.kcdn.online/webp/37/3726c98e-679f-4779-9360-4306a93cfa0c/1-full.webp,,Chevrolet,Equinox,Кроссовер,sale,2020,92000,,,,,Родная краска,Полный,avtoelon
7212554,https://avtoelon.uz/a/show/7212554,20.05.2026,,Ангрен,2150,USD,Яхши қвраб минилган машина,https://kluz-photos-tasinha.kcdn.online/webp/08/0809d721-23c0-414e-8446-ea6bea1f8a66/1-full.webp,,Chevrolet,Matiz,Хэтчбек,sale,2008,231946,Механика,,0.8,Газ-бензин,Крашеная,Передний,avtoelon
7255279,https://avtoelon.uz/a/show/7255279,20.05.2026,,Бухара,15000,USD,LEXUS RX 350 140 Ming yurgan Yili 2006 Kraska toza Benzinda yurgan Narxi 15 000$ Murojat uchun,https://kluz-photos-tasinha.kcdn.online/webp/a2/a21bdcc3-aa95-4478-a7e4-eb95b888775e/1-full.webp,,Lexus,RX 350,,sale,2006,140000,,,,,Родная краска,,avtoelon
7257805,https://avtoelon.uz/a/show/7257805,20.05.2026,,Гулистан,5500,USD,"Продаю японский надёжный автомобиль, двигатель после капиталки проехала 9 тисяч, ходовка в отличном состояние, для своих годов состояние идеальное. На всё вопросы отвечу по телефону,",https://kluz-photos-tasinha.kcdn.online/webp/9c/9c9a7344-96f0-498b-9015-fa5461b4e2e9/2-full.webp,,Mitsubishi,Galant,Седан,sale,1993,260000,Механика,Серебристый,2,Бензин,Родная краска,Передний,avtoelon
7146708,https://avtoelon.uz/a/show/7146708,20.05.2026,,Ташкент,7200,USD,Pitno kraska bor xolati yaxshi moshinani ishi yoq olgan oadam haydidi prabegi haqiqiy ancha yillar akam haydagan qinalmagan,https://kluz-photos-tasinha.kcdn.online/webp/6a/6a090366-f78f-4a12-9e05-bfc8ab999540/1-full.webp,,Chevrolet,Gentra,Седан,sale,2015,250,Механика,,1.8,Бензин,Есть пятно,Передний,avtoelon
7217507,https://avtoelon.uz/a/show/7217507,20.05.2026,,Ташкент,1659,USD,Машына в хорошем состояний вложений не требвает все работает бензин 1979 года пробег маленький горажного хронения,https://kluz-photos-tasinha.kcdn.online/webp/82/827bbebf-6281-4b2c-8ae8-df4ebbb4ea7f/1-full.webp,,ВАЗ (Lada),2106,Седан,sale,1979,69000,Механика,,1.6,Бензин,Крашеная,Задний,avtoelon
7270970,https://avtoelon.uz/a/show/7270970,20.05.2026,,Ташкент,2414,USD,Best 2010 super konditsioner jentra rul malibu bar kalonka xadavoy mator yangi qilingan ishi yuq 4 ta yangi balonda zapaska bor akumlyator yangi metan 3 pokoleniya gazi bor hech qanday ishi olib haydashga tayyor sideniya gupkalar yangi qilingan polniy salon yashil chexol taqilgan tarpetka sideniya rul chixoli,https://kluz-photos-tasinha.kcdn.online/webp/1d/1d7c2bf0-7249-4ffc-8cf6-988b53351d44/1-full.webp,,Chevrolet,Matiz,Хэтчбек,sale,2010,197000,Механика,,0.8,Бензин,Крашеная,Передний,avtoelon
7066448,https://avtoelon.uz/a/show/7066448,20.05.2026,,Ташкент,38000,USD,"Пробег реальный, есть навороты о",https://kluz-photos-tasinha.kcdn.online/webp/a8/a84dcc91-159f-496c-b7b7-50ce01448a2c/1-full.webp,,Kia,Sportage,,sale,2022,18000,,Мокрый асфальт,,,Родная краска,Полный,avtoelon
7225239,https://avtoelon.uz/a/show/7225239,20.05.2026,,Ташкент,8500,USD,Сотилвоти Шевралет Эпика 2.4 мотор Ранги Кора Йили 2011 Пробег 35.000 енги мотор коилгандан кн. Мой емийди 100% Доливкаям килинмийде Краскаси тоза — устела бн келиб текширсела болади Пропан гази бор Полный шумка Нархи 8500$ келишамиза Тел:,https://kluz-photos-tasinha.kcdn.online/webp/87/87c795dd-44e5-4a4c-b9cb-0f71f74fff05/1-full.webp,,Chevrolet,Epica,Седан,sale,2011,35000,Автомат,,2,Бензин,Родная краска,Передний,avtoelon
7252280,https://avtoelon.uz/a/show/7252280,20.05.2026,,Ташкент,38500,USD,Zeekr 007GT 2025 год Пробег 7900 Состояние отличное 422 лс разгон 5 сек до 100 Дальность хода 650 км R20 диски авто двери даводчики Мастер аккаунт имеется Танеровка на 12 месяцев ещё есть Английская прошивка сделано Краска чистая,https://kluz-photos-tasinha.kcdn.online/webp/43/430dc89b-e961-47d3-b31e-41845f473b6e/1-full.webp,,Zeekr,007,,sale,2025,8000,,,,,Родная краска,,avtoelon
7252266,https://avtoelon.uz/a/show/7252266,20.05.2026,,Ташкент,3500,USD,"Kraska bor, gaz bor, probeg haqiqiy, shahar bo'ylab taksi qilingan, bitta egasi bo'lgan",https://kluz-photos-tasinha.kcdn.online/webp/ea/ea14d395-5ec0-49d8-9d8a-84229f591c7d/1-full.webp,,Chevrolet,Nexia 2,Седан,sale,2014,403000,Механика,,1.5,Бензин,Крашеная,Передний,avtoelon
7225268,https://avtoelon.uz/a/show/7225268,20.05.2026,,Наманган,2655,USD,"Faqat naqtga 100 taglik, gaz bor",https://kluz-photos-tasinha.kcdn.online/webp/1c/1c20e7da-b2bc-46c4-af0d-24aec605debe/1-full.webp,,Daewoo,Nexia,Седан,sale,2007,,,,,,Крашеная,Передний,avtoelon
6969736,https://avtoelon.uz/a/show/6969736,20.05.2026,,Коканд,7000,USD,Volkswagen caddy mator karopka zor kraska et betida bor kaltagi yoq naxtga sotiladi o'zimi nomimda xama dakiment boladi dangara tuman qogan malumot telda,https://kluz-photos-tasinha.kcdn.online/webp/ce/cefc1a08-2e2d-495e-b8fc-322195bd94e7/1-full.webp,,Volkswagen,Caddy,,sale,2010,329062,,,,,Есть пятно,,avtoelon
7259847,https://avtoelon.uz/a/show/7259847,20.05.2026,,Бухара,4000,USD,"Kraskasi yo'q, gaz bor, probeg haqiqiy, urilgan joyi yo'q, taksi qilinmagan, remont kerak emas",https://kluz-photos-tasinha.kcdn.online/webp/2f/2fff3214-63bf-46c5-8245-5693ba964196/1-full.webp,,Chevrolet,Spark,Хэтчбек,sale,2011,160000,Механика,,1.3,Бензин,Родная краска,Передний,avtoelon
7255171,https://avtoelon.uz/a/show/7255171,20.05.2026,,Ташкент,4200,USD,4 engi balon qoyilgan polniy shumka bogan 3 pokaleniya propan qoyilgan moshinani xolati zor mejigar pulti bor konisaner bor tayyor minishli moshina 12 viloyatga chqadi,https://kluz-photos-tasinha.kcdn.online/webp/f3/f316d748-6bf3-4004-8576-c86b7d511e0e/1-full.webp,,Chevrolet,Matiz,Хэтчбек,rent_to_own,2015,,Механика,,0.8,Бензин,,Передний,avtoelon
7255162,https://avtoelon.uz/a/show/7255162,20.05.2026,,Бухара,23300,USD,"Краски нет, пробег реальный, состояние новое, ремонт не нужен, ездил работа — дом, один владелец, есть навороты",https://kluz-photos-tasinha.kcdn.online/webp/3f/3f6a77cc-5a17-44a7-adc9-2ee0f329c4e7/1-full.webp,,Chevrolet,Tracker 2,,sale,2025,15000,,,,,Родная краска,,avtoelon
7252232,https://avtoelon.uz/a/show/7252232,20.05.2026,,Ташкент,13600,USD,"Holati yangi, o'zim haydaganman, shahar bo'ylab taksi qilingan, probeg haqiqiy, kraskasi yo'q",https://kluz-photos-tasinha.kcdn.online/webp/80/807bc08a-f02d-4143-b3d4-d391ee7bccb7/1-full.webp,,Chevrolet,Gentra,Седан,sale,2022,25300,Автомат,,1.6,Бензин,Родная краска,Передний,avtoelon
7210352,https://avtoelon.uz/a/show/7210352,20.05.2026,,Шахриханский район,3700,USD,"Kraska bor, gaz bor, probeg haqiqiy, holati o'rtacha",https://kluz-photos-tasinha.kcdn.online/webp/9c/9c31fded-2e7e-49ac-920b-2002dd856ff5/1-full.webp,,Chevrolet,Spark,Хэтчбек,sale,2011,306,Механика,,1.3,Газ-бензин,Крашеная,Передний,avtoelon
7268420,https://avtoelon.uz/a/show/7268420,20.05.2026,,Ташкент,6800,USD,"Kraskasi yo'q, probeg haqiqiy, gaz bor, kredit imkoniyati bor, holati yangi",https://kluz-photos-tasinha.kcdn.online/webp/c6/c6d61d10-6faf-4364-a5ed-983bd5aa1f40/1-full.webp,,Chevrolet,Damas,Седан,sale,2025,13000,,,,,Родная краска,Задний,avtoelon
7212513,https://avtoelon.uz/a/show/7212513,20.05.2026,,Фергана,12000,USD,Yili 2021 Kraska tozza Malibu bar mers ro'l videoregistirator antaradar 77-00 pioner magnitofon sambufer To'liq shumka qilingan optra fara amerkanka Chexol polik propan 65 talik mers xadavoy olasiz minasiz,https://kluz-photos-tasinha.kcdn.online/webp/12/125cfbb5-354e-44c5-b773-e60f6ca81c7a/1-full.webp,,Chevrolet,Gentra,Седан,sale,2021,176000,Автомат,,1.6,Бензин,Родная краска,Передний,avtoelon
6646593,https://avtoelon.uz/a/show/6646593,20.05.2026,,Ташкент,11500,USD,"Chevrolet Cobalt GX-Style AT PLUS сотилади Холати зур, тоза салон, эхтиеткорлик билан эксплуатация килинган Пробеги: 11 000 км Chevrolet Cobalt 2024 йил октябрь ойида автосалондан олинган",https://kluz-photos-tasinha.kcdn.online/webp/aa/aaa95f8b-4bfb-4670-bcb3-7ae852d582d5/7-full.webp,,Chevrolet,Cobalt,Седан,sale,2024,11000,Автомат,Белый,1.5,Бензин,Родная краска,Передний,avtoelon
7117322,https://avtoelon.uz/a/show/7117322,20.05.2026,,Самарканд,11686,USD,"Есть газ, пробег реальный, ездил сам, краски нет",https://kluz-photos-tasinha.kcdn.online/webp/7a/7a59578f-310a-4edf-be20-9ecd4d7ef236/1-full.webp,,Chevrolet,Malibu,Седан,sale,2014,79000,Механика,,2.4,Бензин,Родная краска,Передний,avtoelon
6981150,https://avtoelon.uz/a/show/6981150,20.05.2026,,Музрабадский район,8500,USD,Asalomu Alekum Malumotlar Telefon Orqali Beriladi Moshin Bnzinda Holati Yaxshi Moshin Ravon,https://kluz-photos-tasinha.kcdn.online/webp/ad/ad552177-9923-4291-8182-1fc7b84f9c3c/1-full.webp,,Chevrolet,Gentra,Седан,sale,2018,61000,Механика,,1.8,Бензин,Крашеная,Передний,avtoelon
7204118,https://avtoelon.uz/a/show/7204118,20.05.2026,,Ташкент,11500,USD,"Есть незначительные царапины передняя водительская дверь, заливали бензин только 95, один владелец",https://kluz-photos-tasinha.kcdn.online/webp/ab/ab271143-d76c-4cba-9ac3-7fc3442e9cdc/1-full.webp,,Chevrolet,Onix,Седан,sale,2023,10500,,,,,Родная краска,Передний,avtoelon
7224873,https://avtoelon.uz/a/show/7224873,20.05.2026,,Ташкент,3300,USD,"Volga 3110 Yili: 2000 Yurgani: 116.000 km halol Kraskasi toza. Ranglariyam sargayip ketmagan. Radnoy diskalada turipdi. Antenalari hamma narsasi ishlid elektronniy radnoy. Matorlari ochilmagan. Prastoy karbirator mator. Salonlari radnoy hamma narsasi ishlidi. Tarpetka, afshifkalari tinniq turipti. Zapaska diskalariyam radnoy. Bagajlari shumka bogan. ! Moshina yegilmagan taynlanmagan Radnoy turipti. Yana qogan ma'lumot tel qsela etiladi. Qizziqganla bosa bemalol tel qsela boladi Telefon nomer: Yana narxi kelishiladi otib beriladi bemalol tel qlib sorasela boladi.",https://kluz-photos-tasinha.kcdn.online/webp/ab/ab39fd35-50ce-4390-aea5-b2ee13fe823b/1-full.webp,,ГАЗ,3110 (Волга),Седан,sale,2000,116000,Механика,,,,Родная краска,Задний,avtoelon
7232393,https://avtoelon.uz/a/show/7232393,20.05.2026,,Фергана,3700,USD,Малмотлари тел оркалик прапан 4 пакалена,https://kluz-photos-tasinha.kcdn.online/webp/dd/dd88cb69-767e-4e00-8c47-88a3fb912374/1-full.webp,,Chevrolet,Spark,Хэтчбек,sale,2011,382000,Механика,,1.3,Бензин,Крашеная,Передний,avtoelon
7132372,https://avtoelon.uz/a/show/7132372,20.05.2026,,Самарканд,6200,USD,"Есть газ, краска есть, пробег реальный, состояние новое, ремонт не нужен, ездил работа — дом, один владелец, ездил сам",https://kluz-photos-tasinha.kcdn.online/webp/4f/4fda7673-861e-4d33-8ece-0f9e0b8c6abf/1-full.webp,,Chevrolet,Spark,Хэтчбек,sale,2019,185000,Механика,Белый,1.3,Газ-бензин,Есть пятно,Передний,avtoelon
7224921,https://avtoelon.uz/a/show/7224921,20.05.2026,,Наманган,17500,USD,Kia bongo Yili 2013 Yurgani 471 ming Divgatli 133 motor Karaskasi toza 6 ta boloni 90 foiz Holat ideyal. Aloqa uchun nomer.,https://kluz-photos-tasinha.kcdn.online/webp/79/790d5e54-a708-494a-9852-761da36c0038/1-full.webp,,Kia,Bongo,,sale,2013,471000,,,,,Родная краска,,avtoelon
7225267,https://avtoelon.uz/a/show/7225267,20.05.2026,,Ташкент,2900,USD,"Есть газ, состояние среднее, пробег реальный",//avtoelon.uz/og-image-512x512.png,,Chevrolet,Nexia 2,Седан,sale,2008,360000,Механика,,1.5,Бензин,Есть пятно,Передний,avtoelon
7134262,https://avtoelon.uz/a/show/7134262,20.05.2026,,Ташкент,18100,USD,Kia Seltos 2021/22 2 pozitsiya. Zor xolatda. Kraskasi top toza.1 qol.50.000 km yurgan. Yumsho nexen ballon. Xech qanaqa ishi yoq. Lyuboy tekshiruvga tayor,https://kluz-photos-tasinha.kcdn.online/webp/93/93269b76-0550-4ea9-a0ba-6cee973ff576/1-full.webp,,Kia,Seltos,Внедорожник,sale,2021,50000,Автомат,Белый,2,Бензин,Родная краска,Передний,avtoelon
7212921,https://avtoelon.uz/a/show/7212921,20.05.2026,,Бухара,28500,USD,"Мошина Энг фул 2.0 атмасферни 150 от кучлик пазитсияси. Кузов тулик Завадской шумка буган ва 100% минишга тайор завадской пропан Краска тоза пробег халол Накт пул, бартир, пул кучириш апкаткадан чикмаган минилмасдан етган мошина Узимизани мошина Энг охирги фул версияси *2.0 мотор 150 от кучи * камера * без клучовой доступ * кора кожа салон Круговой танирофка 1 йиллик Узимизани мошина холати идиал тоза халол ва янги салондан олган холати сакланган Энг фули. Бензин танламайди 360 камера без клучовой достоп замонавий машиналардаги хамма функция бор Панарама том экспортний варсия Накт пул кучириш автокридит еки GM бартир киса бди",https://kluz-photos-tasinha.kcdn.online/webp/43/4378ab5b-5855-40fa-a09c-6c843c3278d7/10-full.webp,,Hyundai,Tucson,Внедорожник,sale,2022,28000,Автомат,Белый,2,Газ-бензин,Родная краска,Полный,avtoelon
7266135,https://avtoelon.uz/a/show/7266135,20.05.2026,,Андижан,5500,USD,"Тозза. Родной ЯНГИ. Пробег.42Минг. Халол.2022Й. Метан Урнатилган.1 К, ОЛ 4та Балон. ЯНГИ Полик. Сигнализация. Запаска, Лобовой, Родной, Торпедо, Обшивка Матовый.",https://kluz-photos-tasinha.kcdn.online/webp/f8/f87f6ff8-d0b5-478f-af84-3de184b82c04/1-full.webp,,Chevrolet,Nexia 2,Седан,sale,2016,42299,Механика,,1.5,Бензин,Родная краска,Передний,avtoelon
7171491,https://avtoelon.uz/a/show/7171491,20.05.2026,,Ташкент,600,USD,"Москвич-412 — на ходу, установлено газовое оборудование. Осенью перебрали ходовую. Вместе с машиной за Отдельную плату предлагается усиленный прицеп. В подарок 4 автошины зимние — б/у.",https://kluz-photos-tasinha.kcdn.online/webp/40/40781497-49ce-4514-bc89-ce9a9f41afce/3-full.webp,,Москвич,412,Седан,sale,1987,100000,Механика,Сахара,1.7,Газ-бензин,Крашеная,Задний,avtoelon
7221846,https://avtoelon.uz/a/show/7221846,20.05.2026,,Фергана,67900,USD,2026 Reestyling salonkofe,https://kluz-photos-tasinha.kcdn.online/webp/df/df1f57b6-d5e3-4c42-88bc-61523c92936d/1-full.webp,,LI,L9,,sale,2025,7000,,,,,Родная краска,,avtoelon
7160632,https://avtoelon.uz/a/show/7160632,20.05.2026,,Навои,10369,USD,"Gaz bor, holati yangi, remont kerak emas, uy-ish uchun yurilgan, o'zim haydaganman, probeg haqiqiy. Yevro varyant sdena padagriv.4 ta yangi gopro balon taqilgan. Propan 65 talk 4pakolena.750 780 yuradi 60ta bilan. Olgan odam Baraka topadi. Taqalgani 116 bekorchilar bezota qimasin",https://kluz-photos-tasinha.kcdn.online/webp/49/49ab8c07-0702-41cc-80bc-23e0a8cd6794/1-full.webp,,Chevrolet,Cobalt,Седан,sale,2021,49000,Механика,Белый,1.5,Газ-бензин,Есть пятно,Передний,avtoelon
7264117,https://avtoelon.uz/a/show/7264117,20.05.2026,,Коканд,11800,USD,Moshina 23-tex olingan 25 salondan Holati yangi Hozirgi kunda 300km yuryapti Mers diska quyilgan Uzini zariyatniklariyam bor Nasiyaga ham beramiz kelishsak Shaxar ichiga zur mingani,https://kluz-photos-tasinha.kcdn.online/webp/5c/5cb9b035-d154-4194-a4e3-b0011f887231/1-full.webp,,Wuling,Bingo,,sale,2023,7000,,,,,Родная краска,,avtoelon
7203531,https://avtoelon.uz/a/show/7203531,20.05.2026,,Ташкент,8200,USD,Jentra 2018-2019 Probeg 320.000 Kraska shafyor tomon eshigda udar yemagan dtp bomagan Minishga tayyor moshina Salon mers rul 205 qoyilgan Tablo salon abshivkala ozgartirilgan Ogan odam baraka topadi,https://kluz-photos-tasinha.kcdn.online/webp/df/df629374-c3a1-4101-ba52-752ff31b63df/1-full.webp,,Chevrolet,Gentra,Седан,sale,2018,320000,Механика,,1.8,Бензин,Крашеная,Передний,avtoelon
7219242,https://avtoelon.uz/a/show/7219242,20.05.2026,,Самарканд,7990,USD,"Kraskasi yo'q, holati o'rtacha, probeg haqiqiy, uy-ish uchun yurilgan, navorot qilingan",https://kluz-photos-tasinha.kcdn.online/webp/f6/f6ddb5c2-bdab-4d2c-97d0-87f4b45ad797/1-full.webp,,Chevrolet,Spark,Хэтчбек,sale,2019,71600,Механика,,1.3,Бензин,Есть пятно,Передний,avtoelon
7257812,https://avtoelon.uz/a/show/7257812,20.05.2026,,Наманган,5300,USD,Mashina idyal xolatta kraska 10% yurgani halol hech qanday ishi yo metan gaz,https://kluz-photos-tasinha.kcdn.online/webp/ab/ab89bb9e-4503-48f0-883b-4deb5e6ed2e6/1-full.webp,,Chevrolet,Spark,Хэтчбек,sale,2014,242000,Механика,,1.3,Газ-бензин,Родная краска,Передний,avtoelon
7266408,https://avtoelon.uz/a/show/7266408,20.05.2026,,Самарканд,2700,USD,"Город Самарканд Год 2009 Объем двигателя, л 1.6 (Газ-бензин) Кузов Седан Пробег 260 000 км Коробка передач Механика Состояние краски Есть пятно Привод Передний Оптика Противотуманки Медиа Аудиосистема Опции автомобиля Гидравлика руля, Полный электропакет, Центрозамок Показать все характеристики",https://kluz-photos-tasinha.kcdn.online/webp/81/81a614d1-0bcc-48b1-8a05-041afe127c55/1-full.webp,,Chevrolet,Nexia 2,Седан,sale,2009,260000,Механика,,1.6,Газ-бензин,Есть пятно,Передний,avtoelon
7235857,https://avtoelon.uz/a/show/7235857,20.05.2026,,Ташкент,15500,USD,"Трекер 2 ЛТЗ 2025г пробег 17.000км Краска родная, машина своя Нахт или бощига 9.000 + 24 мес 350",https://kluz-photos-tasinha.kcdn.online/webp/1c/1c91b0c3-01b6-4088-a96a-7de0f4d51e3b/1-full.webp,,Chevrolet,Tracker 2,,sale,2025,17000,,,,,Родная краска,,avtoelon
7266016,https://avtoelon.uz/a/show/7266016,20.05.2026,,Андижан,25000,USD,"O'zim haydaganman, bitta egasi bo'lgan",https://kluz-photos-tasinha.kcdn.online/webp/bc/bcf0db43-c393-46c0-b2e7-623b7a70765f/1-full.webp,,BYD,Song Plus DM-i,,sale,2024,14000,,,,,Родная краска,,avtoelon
7264091,https://avtoelon.uz/a/show/7264091,20.05.2026,,Ташкент,13500,USD,Probeg haqiqiy tanirofka bor yanvargachon mejikar manitor rul almawkan holati zor iwi yoq umuman,https://kluz-photos-tasinha.kcdn.online/webp/ee/ee908947-6ffd-4f5d-a9be-ae4cd6348af6/1-full.webp,,Chevrolet,Captiva,Кроссовер,sale,2015,71000,Автомат,Белый,3,Бензин,Есть пятно,Полный,avtoelon
7268663,https://avtoelon.uz/a/show/7268663,20.05.2026,,Келес,13000,USD,"Состояние новое, царапин нет, ремонт не нужен, не таксованная, пробег реальный, есть навороты",https://kluz-photos-tasinha.kcdn.online/webp/f0/f0c0b490-e6b2-4f69-beb3-4f03b162a18b/1-full.webp,,Chevrolet,Gentra,Седан,sale,2022,77000,Автомат,,1.6,Бензин,Родная краска,Передний,avtoelon
7222804,https://avtoelon.uz/a/show/7222804,20.05.2026,,Ташкент,11900,USD,Кора GBO механика хамма нарсаси бор,https://kluz-photos-tasinha.kcdn.online/webp/57/57e71ca9-8ed7-4bc0-967a-0d3141686403/1-full.webp,,Chevrolet,Gentra,Седан,sale,2023,5000,Механика,,1.8,Бензин,Родная краска,Передний,avtoelon
7264074,https://avtoelon.uz/a/show/7264074,20.05.2026,,Навои,11000,USD,"Срочно продаётся Lada Niva Legend 2021 года Цвет: золотисто-коричневый ️ Кондиционер Подогрев сидений Сделана шумоизоляция ️ Тюнинг, с наворотами Машина ездила на бензине, недавно установлен новый пропан Пробег: 47 600 км Навои В отличном состоянии, вложений не требует. Торг уместен. Остальная информация по телефону.",https://kluz-photos-tasinha.kcdn.online/webp/c6/c6df6306-aa04-4551-89bd-d81a06e24434/1-full.webp,,ВАЗ (Lada),Нива,,sale,2021,47600,,,,,Есть пятно,,avtoelon
7112687,https://avtoelon.uz/a/show/7112687,20.05.2026,,Джизак,11613,USD,Краска тоза 100 фоиз абс хамма нарсаси бор 140млн келишилади нархи автомат диска,https://kluz-photos-tasinha.kcdn.online/webp/09/09deaf6a-344b-43cc-94c0-f40f7bd49c34/7-full.webp,,Chevrolet,Gentra,Седан,sale,2023,4500,Механика,,1.8,Бензин,Родная краска,Передний,avtoelon
7225226,https://avtoelon.uz/a/show/7225226,20.05.2026,,Ташкент,5200,USD,"Машина в отличном состоянии, продажа срочная, могу скинуть реальному клиенту, чехлы отдам вместе с автомобилем, масло менял недавно, так что не требуется в ближайшее время замена",https://kluz-photos-tasinha.kcdn.online/webp/f7/f713eed2-2ac3-4c96-aba8-287b83c5d2b6/1-full.webp,,ВАЗ (Lada),Kalina,,sale,2015,188000,Механика,Белый,,,Родная краска,Передний,avtoelon
